Index,Stage(ft_NCDD),Stage(ft_NAVD88),Storage(ac-ft),Storage(Mgal),Area(ac)
1,596.31,600,12372.7939,4031.692608,202.4127706
2,596.21,599.9,12352.55911,4025.099072,202.2865004
3,596.11,599.8,12332.33557,4018.509204,202.1829638
4,596.01,599.7,12312.12324,4011.922986,202.0608945
5,595.91,599.6,12291.92264,4005.340592,201.9474737
6,595.81,599.5,12271.7337,3998.761998,201.8283696
7,595.71,599.4,12251.55653,3992.187238,201.7092655
8,595.61,599.3,12231.39161,3985.616471,201.5876903
9,595.51,599.2,12211.2388,3979.049648,201.4651267
10,595.41,599.1,12191.09808,3972.486764,201.3410805
11,595.31,599,12170.9696,3965.927872,201.2232119
12,595.21,598.9,12150.85311,3959.372885,201.1041078
13,595.11,598.8,12130.74885,3952.821883,200.9847565
14,595.01,598.7,12110.6564,3946.27473,200.8589806
15,594.91,598.6,12090.57639,3939.731629,200.7341931
16,594.81,598.5,12070.5088,3933.192575,200.6143476
17,594.71,598.4,12050.45314,3926.657409,200.4935138
18,594.61,598.3,12030.40992,3920.126299,200.3674908
19,594.51,598.2,12010.37935,3913.599307,200.2382554
20,594.41,598.1,11990.36145,3907.076448,200.116186
21,594.31,598,11970.3555,3900.557482,199.9958463
22,594.21,597.9,11950.36225,3894.042652,199.8685878
23,594.11,597.8,11930.38125,3887.531812,199.750225
24,594.01,597.7,11910.41242,3881.024941,199.6234606
25,593.91,597.6,11890.4556,3874.521982,199.5043565
26,593.81,597.5,11870.51122,3868.02308,199.3827813
27,593.71,597.4,11850.5793,3861.528232,199.2525575
28,593.61,597.3,11830.66007,3855.037523,199.132465
29,593.51,597.2,11810.75338,3848.5509,199.0052064
30,593.41,597.1,11790.859,3842.068287,198.8809131
31,593.31,597,11770.97725,3835.589793,198.7536545
32,593.21,596.9,11751.10813,3829.115412,198.628867
33,593.11,596.8,11731.25176,3822.645184,198.4993845
34,593.01,596.7,11711.40813,3816.179109,198.3758325
35,592.91,596.6,11691.57723,3809.717182,198.2436319
36,592.81,596.5,11671.75868,3803.259279,198.1213154
37,592.71,596.4,11651.95274,3796.805485,197.9881263
38,592.61,596.3,11632.16043,3790.356133,197.8564199
39,592.51,596.2,11612.38154,3783.911152,197.7192772
40,592.41,596.1,11592.61617,3777.47058,197.5917715
41,592.31,596,11572.86404,3771.034319,197.4509222
42,592.21,595.9,11553.1254,3764.602454,197.3135324
43,592.11,595.8,11533.4001,3758.174936,197.1862739
44,592.01,595.7,11513.6879,3751.751688,197.0592624
45,591.91,595.6,11493.9883,3745.332546,196.9282973
46,591.81,595.5,11474.30175,3738.917654,196.8007916
47,591.71,595.4,11454.62876,3732.507185,196.6579655
48,591.61,595.3,11434.96883,3726.100967,196.5396027
49,591.51,595.2,11415.32173,3719.698932,196.3970237
50,591.41,595.1,11395.68881,3713.301515,196.2625991
51,591.31,595,11376.06969,3706.908598,196.1190317
52,591.21,594.9,11356.46494,3700.520361,195.9781824
53,591.11,594.8,11336.87401,3694.136631,195.8412868
54,591.01,594.7,11317.29669,3687.757331,195.7053796
55,590.91,594.6,11297.73323,3681.382549,195.563789
56,590.81,594.5,11278.18359,3675.012272,195.4268934
57,590.71,594.4,11258.64774,3668.646487,195.2892564
58,590.61,594.3,11239.12585,3662.285252,195.1461832
59,590.51,594.2,11219.61806,3655.92861,195.0152181
60,590.41,594.1,11200.12363,3649.576321,194.8642376
61,590.31,594,11180.64424,3643.228936,194.7258593
62,590.21,593.9,11161.17861,3636.886032,194.5785853
63,590.11,593.8,11141.72848,3630.548179,194.4241453
64,590.01,593.7,11122.29332,3624.215205,194.2753887
65,589.91,593.6,11102.87238,3617.886862,194.1399757
66,589.81,593.5,11083.46586,3611.56322,193.9877597
67,589.71,593.4,11064.07397,3605.244344,193.8471575
68,589.61,593.3,11044.69722,3598.930404,193.6895052
69,589.51,593.2,11025.33506,3592.621217,193.5558219
70,589.41,593.1,11005.98635,3586.316411,193.4115132
71,589.31,593,10986.65201,3580.01629,193.2718994
72,589.21,592.9,10967.33174,3573.720753,193.123637
73,589.11,592.8,10948.02601,3567.429952,192.9825406
74,589.01,592.7,10928.73472,3561.143856,192.8394674
75,588.91,592.6,10909.45758,3554.862375,192.7005949
76,588.81,592.5,10890.19537,3548.585756,192.5483789
77,588.71,592.4,10870.94829,3542.314067,192.3951744
78,588.61,592.3,10851.71602,3536.047205,192.249383
79,588.51,592.2,10832.49896,3529.785298,192.0946959
80,588.41,592.1,10813.29636,3523.528103,191.9526111
81,588.31,592,10794.10901,3517.275876,191.7964414
82,588.21,591.9,10774.9368,3511.028584,191.6452138
83,588.11,591.8,10755.77972,3504.786221,191.4952216
84,588.01,591.7,10736.63751,3498.548705,191.3489361
85,587.91,591.6,10717.51057,3492.316166,191.1900482
86,587.81,591.5,10698.3992,3486.088697,191.0378321
87,587.71,591.4,10679.30315,3479.866224,190.8833921
88,587.61,591.3,10660.22212,3473.648643,190.7334
89,587.51,591.2,10641.15656,3467.436101,190.5762419
90,587.41,591.1,10622.10637,3461.22857,190.4225432
91,587.31,591,10603.07212,3455.026232,190.2562422
92,587.21,590.9,10584.05364,3448.829033,190.1074856
93,587.11,590.8,10565.05131,3442.637099,189.9364896
94,587.01,590.7,10546.06511,3436.450418,189.7803199
95,586.91,590.6,10527.09502,3430.268985,189.6159957
96,586.81,590.5,10508.14051,3424.092632,189.4660036
97,586.71,590.4,10489.20319,3417.92188,189.2806756
98,586.61,590.3,10470.28294,3411.756687,189.1215406
99,586.51,590.2,10451.37893,3405.59679,188.9547454
100,586.41,590.1,10432.49138,3399.442253,188.7877031
101,586.31,590,10413.62133,3393.293421,188.6137419
102,586.21,589.9,10394.7684,3387.150168,188.4481822
103,586.11,589.8,10375.93167,3381.012191,188.2850936
104,586.01,589.7,10357.11187,3374.879734,188.1180513
105,585.91,589.6,10338.30744,3368.752284,187.9670707
106,585.81,589.5,10319.52011,3362.630403,187.787179
107,585.71,589.4,10300.74935,3356.513926,187.6317506
108,585.61,589.3,10281.99518,3350.402852,187.4528473
109,585.51,589.2,10263.25816,3344.297368,187.2860521
110,585.41,589.1,10244.53795,3338.197359,187.1162916
111,585.31,589,10225.8346,3332.102847,186.9472725
112,585.21,588.9,10207.14808,3326.013816,186.7780063
113,585.11,588.8,10188.4791,3319.930504,186.5986088
114,585.01,588.7,10169.82838,3313.85314,186.4117981
115,584.91,588.6,10151.19558,3307.781614,186.2477211
116,584.81,588.5,10132.57969,3301.715601,186.064617
117,584.71,588.4,10113.98139,3295.655318,185.9020226
118,584.61,588.3,10095.40004,3289.600557,185.7204012
119,584.51,588.2,10076.83665,3283.55165,185.5449573
120,584.41,588.1,10058.2913,3277.508623,185.356417
121,584.31,588,10039.76501,3271.471806,185.1646643
122,584.21,587.9,10021.25721,3265.441013,184.9820544
123,584.11,587.8,10002.76734,3259.41606,184.8098229
124,584.01,587.7,9984.295514,3253.39699,184.6237536
125,583.91,587.6,9965.842024,3247.383893,184.4411437
126,583.81,587.5,9947.40749,3241.376974,184.2511208
127,583.71,587.4,9928.992066,3235.376282,184.0531905
128,583.61,587.3,9910.596198,3229.381962,183.8681096
129,583.51,587.2,9892.219665,3223.393942,183.6590596
130,583.41,587.1,9873.863138,3217.412442,183.4658243
131,583.31,587,9855.526338,3211.437369,183.2612221
132,583.21,586.9,9837.209406,3205.468771,183.0749057
133,583.11,586.8,9818.912477,3199.50669,182.8638789
134,583.01,586.7,9800.636095,3193.551305,182.6602652
135,582.91,586.6,9782.379793,3187.602463,182.4628291
136,582.81,586.5,9764.143076,3181.660002,182.2713235
137,582.71,586.4,9745.926418,3175.724078,182.0612851
138,582.61,586.3,9727.730418,3169.794886,181.8581656
139,582.51,586.2,9709.555171,3163.872455,181.640467
140,582.41,586.1,9691.40127,3157.956981,181.4341352
141,582.31,586,9673.268717,3152.048463,181.2169308
142,582.21,585.9,9655.157047,3146.146749,181.0105989
143,582.11,585.8,9637.066693,3140.251981,180.7867227
144,582.01,585.7,9618.998427,3134.364411,180.5774256
145,581.91,585.6,9600.951371,3128.483752,180.362198
146,581.81,585.5,9582.925435,3122.609975,180.1484531
147,581.71,585.4,9564.921528,3116.743376,179.9226
148,581.61,585.3,9546.939457,3110.883892,179.7058898
149,581.51,585.2,9528.980176,3105.031835,179.4666931
150,581.41,585.1,9511.044579,3099.187495,179.2393574
151,581.31,585,9493.131772,3093.350581,179.0093036
152,581.21,584.9,9475.242337,3087.521283,178.7787556
153,581.11,584.8,9457.376973,3081.699829,178.537335
154,581.01,584.7,9439.53635,3075.886436,178.2788642
155,580.91,584.6,9421.720317,3070.081056,178.0401617
156,580.81,584.5,9403.928601,3064.2836,177.7883628
157,580.71,584.4,9386.161126,3058.494043,177.5592973
158,580.61,584.3,9368.418241,3052.712498,177.3010737
159,580.51,584.2,9350.699836,3046.938931,177.0722554
160,580.41,584.1,9333.004343,3041.172829,176.8278695
161,580.31,584,9315.332571,3035.414457,176.6076998
162,580.21,583.9,9297.684371,3029.663766,176.3502175
163,580.11,583.8,9280.061624,3023.921368,176.1008895
164,580.01,583.7,9262.464003,3018.187158,175.8542797
165,579.91,583.6,9244.891097,3012.461002,175.6039634
166,579.81,583.5,9227.344359,3006.743372,175.3309135
167,579.71,583.4,9209.82407,3001.034361,175.0749137
168,579.61,583.3,9192.330031,2995.333903,174.8087827
169,579.51,583.2,9174.862401,2989.642051,174.5399336
170,579.41,583.1,9157.421876,2983.959031,174.2641655
171,579.31,583,9140.008551,2978.284874,173.9925982
172,579.21,582.9,9122.623375,2972.619889,173.7084286
173,579.11,582.8,9105.266819,2966.964231,173.419564
174,579.01,582.7,9087.93979,2961.318193,173.1109311
175,578.91,582.6,9070.642708,2955.681914,172.8193484
176,578.81,582.5,9053.375036,2950.055219,172.5329549
177,578.71,582.4,9036.138147,2944.438554,172.2127081
178,578.61,582.3,9018.931343,2938.831692,171.9189014
179,578.51,582.2,9001.754893,2933.234722,171.6110099
180,578.41,582.1,8984.609237,2927.647785,171.2964465
181,578.31,582,8967.495216,2922.071157,170.9836128
182,578.21,581.9,8950.411896,2916.504532,170.6791807
183,578.11,581.8,8933.359733,2910.948061,170.3656057
184,578.01,581.7,8916.337804,2905.401441,170.0750114
185,577.91,581.6,8899.345038,2899.864323,169.7661314
186,577.81,581.5,8882.383213,2894.337289,169.4673827
187,577.71,581.4,8865.451097,2888.819934,169.16641
188,577.61,581.3,8848.547059,2883.311729,168.9039855
189,577.51,581.2,8831.671287,2877.812735,168.60326
190,577.41,581.1,8814.825828,2872.323618,168.3101946
191,577.31,581,8798.009681,2866.844052,167.9968668
192,577.21,580.9,8781.225077,2861.374765,167.6783497
193,577.18,580.87,8776.200251,2859.737418,167.5669
194,577.11,580.8,8764.475658,2855.916943,167.3067053
195,577.01,580.7,8747.763056,2850.471118,166.9434624
196,576.91,580.6,8731.087452,2845.037348,166.5577331
197,576.81,580.5,8714.449548,2839.615863,166.1925133
198,576.71,580.4,8697.845829,2834.205518,165.8982125
199,576.61,580.3,8681.268131,2828.803651,165.6656876
200,576.51,580.2,8664.709439,2823.407977,165.5085295
201,576.41,580.1,8648.164653,2818.016835,165.3852246
202,576.31,580,8631.63202,2812.629653,165.2725452
203,576.21,579.9,8615.110675,2807.246149,165.1549236
204,576.11,579.8,8598.600366,2801.866241,165.0454566
205,576.01,579.7,8582.100741,2796.489815,164.9463679
206,575.91,579.6,8565.610982,2791.116604,164.849256
207,575.81,579.5,8549.130923,2785.746553,164.7486847
208,575.71,579.4,8532.661178,2780.379863,164.6486076
209,575.61,579.3,8516.201003,2775.016291,164.5561907
210,575.51,579.2,8499.749966,2769.655697,164.4603143
211,575.41,579.1,8483.308642,2764.298268,164.366909
212,575.31,579,8466.876174,2758.943725,164.2831407
213,575.21,578.9,8450.45223,2753.591959,164.193442
214,575.11,578.8,8434.037366,2748.243152,164.0988012
215,575.01,578.7,8417.631476,2742.897269,164.017751
216,574.91,578.6,8401.23392,2737.554103,163.9307704
217,574.81,578.5,8384.844607,2732.213621,163.8474964
218,574.71,578.4,8368.463986,2726.875973,163.7632339
219,574.61,578.3,8352.091455,2721.54096,163.6841606
220,574.51,578.2,8335.726621,2716.208455,163.6060758
221,574.41,578.1,8319.369848,2710.878577,163.5245315
222,574.31,578,8303.021165,2705.551336,163.4452111
223,574.21,577.9,8286.68029,2700.226638,163.3649023
224,574.11,577.8,8270.34771,2694.904644,163.2838522
225,574.01,577.7,8254.022968,2689.585203,163.2045318
226,573.91,577.6,8237.706972,2684.268612,163.1118678
227,573.81,577.5,8221.399692,2678.954862,163.0318061
228,573.71,577.4,8205.100256,2673.643667,162.9571807
229,573.61,577.3,8188.80826,2668.334897,162.8815668
230,573.51,577.2,8172.524161,2663.0287,162.7980457
231,573.41,577.1,8156.248321,2657.725194,162.7207021
232,573.31,577,8139.980752,2652.424384,162.6332273
233,573.21,576.9,8123.721591,2647.126313,162.5539069
234,573.11,576.8,8107.470216,2641.830779,162.4674205
235,573.01,576.7,8091.227307,2636.538004,162.3898299
236,572.91,576.6,8074.992236,2631.247783,162.3072972
237,572.81,576.5,8058.765375,2625.960237,162.2267412
238,572.71,576.4,8042.547234,2620.675532,162.1323475
239,572.61,576.3,8026.338635,2615.393937,162.0372125
240,572.51,576.2,8010.139091,2610.115292,161.9522087
241,572.41,576.1,7993.948012,2604.839406,161.86251
242,572.31,576,7977.767352,2599.566915,161.7488421
243,572.21,575.9,7961.597039,2594.297795,161.6542013
244,572.11,575.8,7945.436494,2589.031859,161.5504176
245,572.01,575.7,7929.286509,2583.769363,161.4441629
246,571.91,575.6,7913.148007,2578.510609,161.3201167
247,571.81,575.5,7897.021987,2573.255922,161.1960705
248,571.71,575.4,7880.908261,2568.005241,161.0764721
249,571.61,575.3,7864.806701,2562.758525,160.9499549
250,571.51,575.2,7848.71786,2557.515953,160.8298623
251,571.41,575.1,7832.640452,2552.277107,160.7152061
252,571.31,575,7816.574585,2547.042021,160.601044
253,571.21,574.9,7800.51995,2541.810595,160.491577
254,571.11,574.8,7784.476812,2536.582916,160.3709902
255,571.01,574.7,7768.445244,2531.359006,160.2555926
256,570.91,574.6,7752.425942,2526.139094,160.1303109
257,570.81,574.5,7736.419615,2520.923409,159.9981103
258,570.71,574.4,7720.426002,2515.711868,159.8661567
259,570.61,574.3,7704.446062,2510.504781,159.731238
260,570.51,574.2,7688.479817,2505.302157,159.5938481
261,570.41,574.1,7672.527305,2500.104009,159.4549757
262,570.31,574,7656.588924,2494.910464,159.3096785
263,570.21,573.9,7640.665365,2489.72175,159.1594393
264,570.11,573.8,7624.756354,2484.537776,159.0180958
265,570.01,573.7,7608.862261,2479.358663,158.8619261
266,569.91,573.6,7592.983975,2474.184701,158.7030382
267,569.81,573.5,7577.121569,2469.015913,158.5406909
268,569.71,573.4,7561.275049,2463.852302,158.3805675
269,569.61,573.3,7545.445595,2458.694252,158.2048765
270,569.51,573.2,7529.634246,2453.542101,158.0180659
271,569.41,573.1,7513.841771,2448.3961,157.8315024
272,569.31,573,7498.067809,2443.256132,157.6474099
273,569.21,572.9,7482.312625,2438.122283,157.4475028
274,569.11,572.8,7466.578012,2432.995136,157.238947
275,569.01,572.7,7450.863998,2427.874703,157.039287
276,568.91,572.6,7435.169492,2422.760625,156.8462988
277,568.81,572.5,7419.49472,2417.652979,156.6525692
278,568.71,572.4,7403.839221,2412.551612,156.4608165
279,568.61,572.3,7388.203359,2407.456644,156.2626391
280,568.51,572.2,7372.586712,2402.367937,156.0694038
281,568.41,572.1,7356.989935,2397.285705,155.8620835
282,568.31,572,7341.413056,2392.209956,155.6710721
283,568.21,571.9,7325.854692,2387.140241,155.4931572
284,568.11,571.8,7310.314675,2382.076504,155.3117829
285,568.01,571.7,7294.792134,2377.018462,155.1358449
286,567.91,571.6,7279.288565,2371.966602,154.9408798
287,567.81,571.5,7263.802668,2366.9205,154.7730962
288,567.71,571.4,7248.335207,2361.880406,154.577884
289,567.61,571.3,7232.885312,2356.846036,154.4125715
290,567.51,571.2,7217.452518,2351.817238,154.2341624
291,567.41,571.1,7202.037599,2346.794264,154.0592127
292,567.31,571,7186.640579,2341.777123,153.8770971
293,567.21,570.9,7171.260928,2336.765642,153.7110432
294,567.11,570.8,7155.898921,2331.75991,153.5326341
295,567.01,570.7,7140.554373,2326.759867,153.3544721
296,566.91,570.6,7125.227901,2321.765714,153.1750746
297,566.81,570.5,7109.919178,2316.777345,152.9983953
298,566.71,570.4,7094.628333,2311.794801,152.8133144
299,566.61,570.3,7079.355381,2306.818088,152.6383647
300,566.51,570.2,7064.100482,2301.847257,152.4582259
301,566.41,570.1,7048.863257,2296.882185,152.2874771
302,566.31,570,7033.643848,2291.922919,152.1070911
303,566.21,569.9,7018.442418,2286.969512,151.9247284
304,566.11,569.8,7003.259387,2282.022099,151.7423656
305,566.01,569.7,6988.094657,2277.08065,151.5538253
306,565.91,569.6,6972.94867,2272.145309,151.3657791
307,565.81,569.5,6957.821003,2267.215936,151.1903353
308,565.71,569.4,6942.711093,2262.292351,151.011432
309,565.61,569.3,6927.619288,2257.374665,150.8288221
310,565.51,569.2,6912.545644,2252.462896,150.645471
311,565.41,569.1,6897.490462,2247.557143,150.4586604
312,565.31,569,6882.453954,2242.657476,150.2686374
313,565.21,568.9,6867.436865,2237.764136,150.07046
314,565.11,568.8,6852.438738,2232.876975,149.8920509
315,565.01,568.7,6837.459323,2227.995911,149.6933793
316,564.91,568.6,6822.499412,2223.121202,149.5092868
317,564.81,568.5,6807.557744,2218.252438,149.319758
318,564.71,568.4,6792.635894,2213.390132,149.1210864
319,564.61,568.3,6777.734076,2208.534354,148.9196966
320,564.51,568.2,6762.851993,2203.685005,148.7141061
321,564.41,568.1,6747.990417,2198.84234,148.507033
322,564.31,568,6733.148925,2194.006218,148.3095969
323,564.21,567.9,6718.328073,2189.176822,148.1010411
324,564.11,567.8,6703.528624,2184.354401,147.8843309
325,564.01,567.7,6688.750625,2179.538969,147.6737983
326,563.91,567.6,6673.993351,2174.73029,147.4679606
327,563.81,567.5,6659.256675,2169.928323,147.2626172
328,563.71,567.4,6644.541554,2165.13338,147.041212
329,563.61,567.3,6629.847542,2160.345315,146.8380925
330,563.51,567.2,6615.174708,2155.564151,146.6231121
331,563.41,567.1,6600.522711,2150.789777,146.4165331
332,563.31,567,6585.891507,2146.022178,146.2153905
333,563.21,566.9,6571.280856,2141.261276,146.0011513
334,563.11,566.8,6556.691554,2136.507331,145.7829585
335,563.01,566.7,6542.124163,2131.760526,145.5667425
336,562.91,566.6,6527.577936,2127.020617,145.3492909
337,562.81,566.5,6513.054487,2122.28813,145.1199784
338,562.71,566.4,6498.554166,2117.56318,144.8901717
339,562.61,566.3,6484.07572,2112.845358,144.6754383
340,562.51,566.2,6469.619482,2108.134772,144.44662
341,562.41,566.1,6455.185536,2103.43145,144.2294156
342,562.31,566,6440.773738,2098.735345,144.0038097
343,562.21,565.9,6426.384368,2094.046548,143.790806
344,562.11,565.8,6412.016673,2089.364814,143.5661885
345,562.01,565.7,6397.670697,2084.690157,143.3504667
346,561.91,565.6,6383.346162,2080.022487,143.1354862
347,561.81,565.5,6369.042988,2075.361777,142.9244594
348,561.71,565.4,6354.762153,2070.708347,142.6946527
349,561.61,565.3,6340.504179,2066.062366,142.4611394
350,561.51,565.2,6326.269731,2061.42405,142.2261435
351,561.41,565.1,6312.058752,2056.793383,141.9918889
352,561.31,565,6297.871375,2052.170405,141.7566459
353,561.21,564.9,6283.707968,2047.555239,141.5142369
354,561.11,564.8,6269.568142,2042.947756,141.2844301
355,561.01,564.7,6255.452941,2038.348298,141.0195347
356,560.91,564.6,6241.362856,2033.757024,140.7793496
357,560.81,564.5,6227.297106,2029.173679,140.5431181
358,560.71,564.4,6213.254152,2024.597762,140.3125701
359,560.61,564.3,6199.235,2020.029601,140.060524
360,560.51,564.2,6185.240885,2015.469599,139.8265165
361,560.41,564.1,6171.270966,2010.917481,139.5690342
362,560.31,564,6157.326332,2006.373602,139.3281078
363,560.21,563.9,6143.405631,2001.837521,139.0790269
364,560.11,563.8,6129.510227,1997.309684,138.8242627
365,560.01,563.7,6115.639556,1992.789906,138.5727108
366,559.91,563.6,6101.794488,1988.278471,138.3312902
367,559.81,563.5,6087.973983,1983.77504,138.0814681
368,559.71,563.4,6074.177937,1979.279578,137.8402946
369,559.61,563.3,6060.406261,1974.792058,137.5889898
370,559.51,563.2,6046.660099,1970.312852,137.3322488
371,559.41,563.1,6032.939644,1965.842021,137.0705656
372,559.31,563,6019.245552,1961.379782,136.8064115
373,559.21,562.9,6005.578113,1956.926227,136.5390449
374,559.11,562.8,5991.937775,1952.481504,136.2729139
375,559.01,562.7,5978.323778,1948.045363,136.0010995
376,558.91,562.6,5964.736412,1943.617901,135.7369453
377,558.81,562.5,5951.176356,1939.199337,135.4732854
378,558.71,562.4,5937.642204,1934.789214,135.2135791
379,558.61,562.3,5924.133677,1930.387441,134.959062
380,558.51,562.2,5910.651933,1925.994396,134.6748924
381,558.41,562.1,5897.198051,1921.610429,134.4124679
382,558.31,562,5883.770331,1917.234987,134.1337346
383,558.21,561.9,5870.370072,1912.868494,133.8705688
384,558.11,561.8,5856.995657,1908.510422,133.6076502
385,558.01,561.7,5843.648652,1904.161281,133.3306466
386,557.91,561.6,5830.329785,1899.821309,133.0415349
387,557.81,561.5,5817.041271,1895.491227,132.7242534
388,557.71,561.4,5803.784533,1891.1715,132.4126552
389,557.61,561.3,5790.556512,1886.861131,132.1462771
390,557.51,561.2,5777.35521,1882.559468,131.8781693
391,557.41,561.1,5764.179627,1878.266185,131.6335363
392,557.31,561,5751.028373,1873.98083,131.3859381
393,557.21,560.9,5737.901286,1869.70335,131.1526719
394,557.11,560.8,5724.79758,1865.433489,130.9199
395,557.01,560.7,5711.716229,1861.170912,130.7034369
396,556.91,560.6,5698.656448,1856.915363,130.4845027
397,556.81,560.5,5685.618251,1852.666848,130.2749585
398,556.71,560.4,5672.600834,1848.425104,130.0636846
399,556.61,560.3,5659.604162,1844.19012,129.872179
400,556.51,560.2,5646.626787,1839.961424,129.6732603
401,556.41,560.1,5633.669151,1835.73916,129.4758242
402,556.31,560,5620.731773,1831.523497,129.2739402
403,556.21,559.9,5607.814722,1827.314457,129.0678555
404,556.11,559.8,5594.918517,1823.11221,128.8526279
405,556.01,559.7,5582.043341,1818.916816,128.6507439
406,555.91,559.6,5569.187921,1814.727859,128.4533078
407,555.81,559.5,5556.353817,1810.545847,128.2415397
408,555.71,559.4,5543.540243,1806.370526,128.0342195
409,555.61,559.3,5530.748049,1802.202171,127.8204745
410,555.51,559.2,5517.977323,1798.040812,127.5928917
411,555.41,559.1,5505.22898,1793.886746,127.3746989
412,555.31,559,5492.500838,1789.739263,127.1797338
413,555.21,558.9,5479.794212,1785.59879,126.9598113
414,555.11,558.8,5467.108423,1781.465108,126.7559505
415,555.01,558.7,5454.444002,1777.338388,126.529109
416,554.91,558.6,5441.801783,1773.218903,126.3178351
417,554.81,558.5,5429.180254,1769.10616,126.1105148
418,554.71,558.4,5416.580668,1765.000567,125.880461
419,554.61,558.3,5404.003589,1760.902307,125.6669631
420,554.51,558.2,5391.446971,1756.810715,125.4655734
421,554.41,558.1,5378.911464,1752.726003,125.2387319
422,554.31,558,5366.398672,1748.648692,125.0146086
423,554.21,557.9,5353.909232,1744.57899,124.7801069
424,554.11,557.8,5341.442225,1740.516597,124.5631496
425,554.01,557.7,5328.997094,1736.461334,124.33359
426,553.91,557.6,5316.574439,1732.413394,124.1089724
427,553.81,557.5,5304.17458,1728.372882,123.8932506
428,553.71,557.4,5291.797149,1724.339678,123.6627026
429,553.61,557.3,5279.44206,1720.313755,123.445004
430,553.51,557.2,5267.109364,1716.295128,123.2156915
431,553.41,557.1,5254.798393,1712.28358,123.0056531
432,553.31,557,5242.508969,1708.279054,122.7798
433,553.21,556.9,5230.241435,1704.281661,122.5732211
434,553.11,556.8,5217.994684,1700.291039,122.3579935
435,553.01,556.7,5205.768993,1696.30728,122.154874
436,552.91,556.6,5193.564177,1692.330324,121.9421174
437,552.81,556.5,5181.380229,1688.360167,121.7313377
438,552.71,556.4,5169.217693,1684.396987,121.5185812
439,552.61,556.3,5157.075409,1680.440406,121.3189212
440,552.51,556.2,5144.95304,1676.490315,121.1180256
441,552.41,556.1,5132.850901,1672.546816,120.9168829
442,552.31,556,5120.769057,1668.60993,120.7147519
443,552.21,555.9,5108.7072,1664.679556,120.5197868
444,552.11,555.8,5096.665653,1660.755801,120.3072774
445,552.01,555.7,5084.64407,1656.838551,120.1177486
446,551.91,555.6,5072.642548,1652.927838,119.9052392
447,551.81,555.5,5060.662204,1649.024026,119.6964363
448,551.71,555.4,5048.702788,1645.127033,119.4886218
449,551.61,555.3,5036.762877,1641.236396,119.3015641
450,551.51,555.2,5024.843102,1637.35232,119.0930083
451,551.41,555.1,5012.942767,1633.474579,118.9113869
452,551.31,555,5001.061583,1629.603078,118.7141979
453,551.21,554.9,4989.200262,1625.738049,118.5157734
454,551.11,554.8,4977.358264,1621.879317,118.3232794
455,551.01,554.7,4965.536859,1618.027296,118.1040981
456,550.91,554.6,4953.736003,1614.18197,117.9096273
457,550.81,554.5,4941.955314,1610.343215,117.7077433
458,550.71,554.4,4930.19464,1606.510983,117.507342
459,550.61,554.3,4918.454429,1602.685418,117.2980449
460,550.51,554.2,4906.734629,1598.866505,117.1028327
461,550.41,554.1,4895.036207,1595.054557,116.8767325
462,550.31,554,4883.359461,1591.249673,116.6570571
463,550.21,553.9,4871.705291,1587.452145,116.424038
464,550.11,553.8,4860.073708,1583.661977,116.2117757
465,550.01,553.7,4848.462811,1579.878549,116.0123628
466,549.91,553.6,4836.871401,1576.101472,115.8154209
467,549.81,553.5,4825.299976,1572.330906,115.6063709
468,549.71,553.4,4813.749,1568.567005,115.4111587
469,549.61,553.3,4802.218726,1564.809848,115.1929659
470,549.51,553.2,4790.710262,1561.059799,114.976997
471,549.41,553.1,4779.223743,1557.3169,114.7521324
472,549.31,553,4767.759639,1553.581305,114.5247967
473,549.21,552.9,4756.319428,1549.853496,114.271268
474,549.11,552.8,4744.903173,1546.133493,114.0486273
475,549.01,552.7,4733.508717,1542.420593,113.8296931
476,548.91,552.6,4722.135831,1538.714722,113.6233613
477,548.81,552.5,4710.783752,1535.015631,113.4227128
478,548.71,552.4,4699.451075,1531.322862,113.2250296
479,548.61,552.3,4688.138025,1527.636488,113.0409372
480,548.51,552.2,4676.843666,1523.956205,112.8474547
481,548.41,552.1,4665.568074,1520.282038,112.6616325
482,548.31,552,4654.311371,1516.614025,112.4688914
483,548.21,551.9,4643.074447,1512.952457,112.270714
484,548.11,551.8,4631.858119,1509.2976,112.0621582
485,548.01,551.7,4620.661014,1505.649008,111.8755947
486,547.91,551.6,4609.482776,1502.006563,111.6853246
487,547.81,551.5,4598.323139,1498.370179,111.5027148
488,547.71,551.4,4587.182267,1494.73991,111.3124447
489,547.61,551.3,4576.060607,1491.115901,111.1199507
490,547.51,551.2,4564.958332,1487.498209,110.9314103
491,547.41,551.1,4553.874823,1483.886632,110.7423757
492,547.31,551,4542.810496,1480.281305,110.5419744
493,547.21,550.9,4531.765415,1476.682249,110.3559051
494,547.11,550.8,4520.738879,1473.089237,110.1723068
495,547.01,550.7,4509.730743,1469.50222,109.9854962
496,546.91,550.6,4498.742267,1465.921609,109.783118
497,546.81,550.5,4487.774162,1462.347637,109.5767862
498,546.71,550.4,4476.826921,1458.780462,109.3598289
499,546.61,550.3,4465.901435,1455.220377,109.1448484
500,546.51,550.2,4454.997455,1451.6673,108.9313505
501,546.41,550.1,4444.114226,1448.120984,108.7265013
502,546.31,550,4433.251707,1444.581417,108.5256058
503,546.21,549.9,4422.409694,1441.048531,108.321745
504,546.11,549.8,4411.586295,1437.521711,108.1477837
505,546.01,549.7,4400.781913,1434.001088,107.9407106
506,545.91,549.6,4389.998774,1430.487387,107.7249888
507,545.81,549.5,4379.237285,1426.98074,107.5050662
508,545.71,549.4,4368.497962,1423.481316,107.2806958
509,545.61,549.3,4357.783195,1419.989894,107.0091285
510,545.51,549.2,4347.093759,1416.506726,106.7790747
511,545.41,549.1,4336.428551,1413.031453,106.5176387
512,545.31,549,4325.788531,1409.564387,106.2883261
513,545.21,548.9,4315.172005,1406.104977,106.0340561
514,545.11,548.8,4304.581313,1402.653985,105.7745969
515,545.01,548.7,4294.015172,1399.210992,105.5398481
516,544.91,548.6,4283.471584,1395.775349,105.32808
517,544.81,548.5,4272.950052,1392.346893,105.1032154
518,544.71,548.4,4262.450543,1388.925613,104.8820573
519,544.61,548.3,4251.974193,1385.511879,104.6327293
520,544.51,548.2,4241.524555,1382.10685,104.351525
521,544.41,548.1,4231.103649,1378.711182,104.0797106
522,544.31,548,4220.707357,1375.323536,103.8511394
523,544.21,547.9,4210.333936,1371.943342,103.6065064
524,544.11,547.8,4199.984377,1368.570923,103.3823831
525,544.01,547.7,4189.657351,1365.205847,103.1543061
526,543.91,547.6,4179.351842,1361.847782,102.9534106
527,543.81,547.5,4169.065897,1358.496092,102.7673412
528,543.71,547.4,4158.799602,1355.150805,102.5642218
529,543.61,547.3,4148.552149,1351.811658,102.3838358
530,543.51,547.2,4138.323363,1348.478594,102.1898592
531,543.41,547.1,4128.112927,1345.151508,102.0210872
532,543.31,547,4117.920592,1341.830321,101.8280989
533,543.21,546.9,4107.747523,1338.515412,101.6314042
534,543.11,546.8,4097.593806,1335.206809,101.4460762
535,543.01,546.7,4087.457488,1331.903875,101.2780454
536,542.91,546.6,4077.339127,1328.606793,101.0942001
537,542.81,546.5,4067.238726,1325.315563,100.9083779
538,542.71,546.4,4057.157008,1322.03042,100.7193433
539,542.61,546.3,4047.094244,1318.751454,100.5352508
540,542.51,546.2,4037.049588,1315.478389,100.3593128
541,542.41,546.1,4027.02286,1312.211165,100.1752203
542,542.31,546,4017.014988,1308.950086,99.98074944
543,542.21,545.9,4007.025789,1305.695091,99.79393882
544,542.11,545.8,3997.055099,1302.446127,99.61750656
545,542.01,545.7,3987.102676,1299.203116,99.43069594
546,541.91,545.6,3977.169093,1295.966244,99.23844902
547,541.81,545.5,3967.254911,1292.735693,99.04669632
548,541.71,545.4,3957.359238,1289.511174,98.86433357
549,541.61,545.3,3947.4814,1286.292467,98.69210208
550,541.51,545.2,3937.621162,1283.079494,98.50331462
551,541.41,545.1,3927.778884,1279.872374,98.33874336
552,541.31,545,3917.95401,1276.670924,98.16329952
553,541.21,544.9,3908.146664,1273.475187,97.98464333
554,541.11,544.8,3898.357542,1270.285387,97.79906822
555,541.01,544.7,3888.587276,1267.101732,97.61003366
556,540.91,544.6,3878.835436,1263.924081,97.42816512
557,540.81,544.5,3869.102364,1260.752545,97.23147034
558,540.71,544.4,3859.387876,1257.587066,97.05775622
559,540.61,544.3,3849.690799,1254.427259,96.88206528
560,540.51,544.2,3840.011029,1251.273092,96.70983379
561,540.41,544.1,3830.347758,1248.124302,96.55341696
562,540.31,544,3820.701373,1244.981013,96.36932448
563,540.21,543.9,3811.073064,1241.843615,96.19338643
564,540.11,543.8,3801.46294,1238.712142,96.01028237
565,540.01,543.7,3791.870365,1235.586388,95.84076902
566,539.91,543.6,3782.294481,1232.466073,95.67174989
567,539.81,543.5,3772.735962,1229.351415,95.49507053
568,539.71,543.4,3763.19425,1226.242235,95.33346451
569,539.61,543.3,3753.669015,1223.138423,95.16345696
570,539.51,543.2,3744.160241,1220.039976,95.00456909
571,539.41,543.1,3734.668453,1216.947063,94.83357312
572,539.31,543,3725.193491,1213.859633,94.66850765
573,539.21,542.9,3715.734567,1210.777429,94.50789005
574,539.11,542.8,3706.291342,1207.700341,94.35888634
575,539.01,542.7,3696.863485,1204.62826,94.20073978
576,538.91,542.6,3687.45073,1201.5611,94.05247738
577,538.81,542.5,3678.052862,1198.498792,93.90050842
578,538.71,542.4,3668.670492,1195.441533,93.74631552
579,538.61,542.3,3659.303275,1192.389212,93.59805312
580,538.51,542.2,3649.950803,1189.341696,93.45325018
581,538.41,542.1,3640.612397,1186.298762,93.31190669
582,538.31,542,3631.288159,1183.260446,93.16833926
583,538.21,541.9,3621.978287,1180.226811,93.02328922
584,538.11,541.8,3612.683699,1177.198156,92.87033184
585,538.01,541.7,3603.403629,1174.174232,92.72725862
586,537.91,541.6,3594.138844,1171.155289,92.57306573
587,537.81,541.5,3584.888377,1168.141011,92.43493459
588,537.71,541.4,3575.652034,1165.131335,92.29457952
589,537.61,541.3,3566.42969,1162.126221,92.14829395
590,537.51,541.2,3557.222582,1159.126072,91.99360685
591,537.41,541.1,3548.030216,1156.130726,91.84657997
592,537.31,541,3538.852889,1153.140281,91.69955309
593,537.21,540.9,3529.68972,1150.15445,91.55623277
594,537.11,540.8,3520.541686,1147.173549,91.40451091
595,537.01,540.7,3511.408853,1144.197603,91.25649562
596,536.91,540.6,3502.290359,1141.226328,91.11119846
597,536.81,540.5,3493.186785,1138.259916,90.95577005
598,536.71,540.4,3484.098565,1135.298506,90.79737638
599,536.61,540.3,3475.025966,1132.342187,90.65306765
600,536.51,540.2,3465.968777,1129.390889,90.49170874
601,536.41,540.1,3456.927489,1126.444772,90.32491354
602,536.31,540,3447.903243,1123.504209,90.15935386
603,536.21,539.9,3438.895506,1120.569025,89.99428838
604,536.11,539.8,3429.904695,1117.639356,89.82526925
605,536.01,539.7,3420.931584,1114.715455,89.63574048
606,535.91,539.6,3411.977537,1111.797766,89.4457175
607,535.81,539.5,3403.042266,1108.886195,89.26286054
608,535.71,539.4,3394.124998,1105.98049,89.08173331
609,535.61,539.3,3385.225294,1103.080509,88.91666784
610,535.51,539.2,3376.341117,1100.185588,88.76840544
611,535.41,539.1,3367.472293,1097.295669,88.60679942
612,535.31,539,3358.61985,1094.411087,88.45038259
613,535.21,538.9,3349.782963,1091.531575,88.28976499
614,535.11,538.8,3340.961503,1088.65709,88.13705472
615,535.01,538.7,3332.156076,1085.787829,87.97223635
616,534.91,538.6,3323.366316,1082.923673,87.81829056
617,534.81,538.5,3314.591843,1080.064498,87.6660745
618,534.71,538.4,3305.831844,1077.21004,87.52621363
619,534.61,538.3,3297.086753,1074.360439,87.37152653
620,534.51,538.2,3288.35644,1071.515655,87.22449965
621,534.41,538.1,3279.641133,1068.675759,87.07821408
622,534.31,538,3270.940998,1065.840808,86.92303277
623,534.21,537.9,3262.255436,1063.010605,86.78020666
624,534.11,537.8,3253.584208,1060.185073,86.6410871
625,534.01,537.7,3244.928123,1057.364475,86.48195213
626,533.91,537.6,3236.286996,1054.548752,86.34011443
627,533.81,537.5,3227.661199,1051.738023,86.18172077
628,533.71,537.4,3219.050724,1048.932288,86.03494099
629,533.61,537.3,3210.45468,1046.131254,85.88272493
630,533.51,537.2,3201.874188,1043.335289,85.72482547
631,533.41,537.1,3193.308982,1040.544304,85.58323488
632,533.31,537,3184.757775,1037.757881,85.43867904
633,533.21,536.9,3176.220929,1034.976138,85.29362899
634,533.11,536.8,3167.698954,1032.19924,85.15104998
635,533.01,536.7,3159.191138,1029.426956,85.00847098
636,532.91,536.6,3150.69762,1026.659331,84.85600781
637,532.81,536.5,3142.218805,1023.896497,84.71787667
638,532.71,536.4,3133.754487,1021.138387,84.5651664
639,532.61,536.3,3125.305555,1018.38529,84.40825536
640,532.51,536.2,3116.872833,1015.637476,84.24442541
641,532.41,536.1,3108.455875,1012.894798,84.09319776
642,532.31,536,3100.054708,1010.157265,83.92961491
643,532.21,535.9,3091.669158,1007.424822,83.7806112
644,532.11,535.8,3083.299305,1004.697494,83.61282758
645,532.01,535.7,3074.945714,1001.975464,83.45715206
646,531.91,535.6,3066.608254,999.2586906,83.28961555
647,531.81,535.5,3058.28734,996.5473088,83.1257856
648,531.71,535.4,3049.983201,993.8413933,82.94960045
649,531.61,535.3,3041.696283,991.1410892,82.78848864
650,531.51,535.2,3033.42543,988.4460198,82.62465869
651,531.41,535.1,3025.171047,985.7563175,82.46651213
652,531.31,535,3016.932124,983.0716525,82.30960109
653,531.21,534.9,3008.709376,980.3922583,82.14255878
654,531.11,534.8,3000.503303,977.7182977,81.9826825
655,531.01,534.7,2992.313288,975.0495697,81.81564019
656,530.91,534.6,2984.139702,972.3861949,81.65774074
657,530.81,534.5,2975.982921,969.7282961,81.47191853
658,530.71,534.4,2967.844272,967.0763056,81.30166387
659,530.61,534.3,2959.722807,964.4299146,81.13264474
660,530.51,534.2,2951.616372,961.7884212,80.99500781
661,530.41,534.1,2943.524789,959.1517672,80.83661414
662,530.31,534,2935.448551,956.5201135,80.68761043
663,530.21,533.9,2927.38764,953.8934542,80.53242912
664,530.11,533.8,2919.341329,951.2715523,80.39429798
665,530.01,533.7,2911.309532,948.6543798,80.23639853
666,529.91,533.6,2903.292928,946.0421579,80.09678477
667,529.81,533.5,2895.290217,943.4344629,79.96236019
668,529.71,533.4,2887.300682,940.8310616,79.8271943
669,529.61,533.3,2879.324837,938.2321211,79.68634502
670,529.51,533.2,2871.362363,935.6375375,79.55958067
671,529.41,533.1,2863.413033,933.0472368,79.42367347
672,529.31,533,2855.477026,930.4612776,79.29394387
673,529.21,532.9,2847.554478,927.8797041,79.1535888
674,529.11,532.8,2839.645242,925.3024683,79.02731866
675,529.01,532.7,2831.748619,922.7293423,78.90228403
676,528.91,532.6,2823.865275,920.1605432,78.76958918
677,528.81,532.5,2815.994478,917.5958329,78.64504877
678,528.71,532.4,2808.136892,915.0354273,78.50988288
679,528.61,532.3,2800.29168,912.4790536,78.39250848
680,528.51,532.2,2792.458689,909.9266623,78.26945069
681,528.41,532.1,2784.637851,907.3782311,78.15232339
682,528.31,532,2776.829414,904.8338407,78.01938144
683,528.21,531.9,2769.033264,902.2934539,77.90645491
684,528.11,531.8,2761.24867,899.756833,77.78389133
685,528.01,531.7,2753.476791,897.2243551,77.65465594
686,527.91,531.6,2745.717185,894.6958764,77.53283366
687,527.81,531.5,2737.970097,892.1714767,77.40903456
688,527.71,531.4,2730.23501,889.6509874,77.28993043
689,527.61,531.3,2722.512434,887.1345749,77.16217766
690,527.51,531.2,2714.802258,884.6222031,77.04233222
691,527.41,531.1,2707.104292,882.1138098,76.91334394
692,527.31,531,2699.41882,879.6094877,76.79423981
693,527.21,530.9,2691.745587,877.1091538,76.6699465
694,527.11,530.8,2684.08475,874.6128591,76.54342925
695,527.01,530.7,2676.436216,872.1205733,76.42679616
696,526.91,530.6,2668.79993,869.6322788,76.29854918
697,526.81,530.5,2661.176632,867.1482159,76.16931379
698,526.71,530.4,2653.56583,864.6682253,76.04353786
699,526.61,530.3,2645.967619,862.1923374,75.91380826
700,526.51,530.2,2638.382193,859.7206154,75.78852653
701,526.41,530.1,2630.809605,857.2530767,75.66126797
702,526.31,530,2623.249594,854.7896365,75.54265805
703,526.21,529.9,2615.701504,852.3300804,75.4163879
704,526.11,529.8,2608.165973,849.8746168,75.29382432
705,526.01,529.7,2600.642974,847.4232368,75.16582445
706,525.91,529.6,2593.132493,844.9759361,75.0454848
707,525.81,529.5,2585.634403,842.5326727,74.91303706
708,525.71,529.4,2578.148797,840.0934772,74.79912211
709,525.61,529.3,2570.674931,837.6581071,74.67631142
710,525.51,529.2,2563.213232,835.2267019,74.55621888
711,525.41,529.1,2555.764069,832.7993815,74.43069005
712,525.31,529,2548.327313,830.3761038,74.29972493
713,525.21,528.9,2540.903721,827.9571158,74.16999533
714,525.11,528.8,2533.49271,825.5422273,74.04965568
715,525.01,528.7,2526.094204,823.1314135,73.92017318
716,524.91,528.6,2518.708565,820.7247925,73.79019648
717,524.81,528.5,2511.336601,818.3226274,73.65947846
718,524.71,528.4,2503.976757,815.9244118,73.53518515
719,524.61,528.3,2496.628542,813.5299852,73.42571808
720,524.51,528.2,2489.29202,811.139369,73.29574138
721,524.41,528.1,2481.968739,808.7530675,73.17144806
722,524.31,528,2474.657172,806.3705828,73.05852154
723,524.21,527.9,2467.358341,803.9922483,72.92236723
724,524.11,527.8,2460.071854,801.6179362,72.8094407
725,524.01,527.7,2452.797357,799.2475311,72.68094662
726,523.91,527.6,2445.535679,796.8813028,72.54899309
727,523.81,527.5,2438.286786,794.5192405,72.43112448
728,523.71,527.4,2431.049894,792.1610888,72.30584275
729,523.61,527.3,2423.825759,789.8070943,72.17981971
730,523.51,527.2,2416.614248,787.4572131,72.04984301
731,523.41,527.1,2409.415399,785.1114577,71.93148019
732,523.31,527,2402.229275,782.769849,71.79211354
733,523.21,526.9,2395.056757,780.4326739,71.65645344
734,523.11,526.8,2387.897914,778.0999545,71.52104045
735,523.01,526.7,2380.752188,775.7715096,71.39402899
736,522.91,526.6,2373.619598,773.4473447,71.25589786
737,522.81,526.5,2366.500434,771.1275551,71.12938061
738,522.71,526.4,2359.394451,768.8120604,70.99199078
739,522.61,526.3,2352.30171,766.5008804,70.86102566
740,522.51,526.2,2345.223048,764.1942882,70.71053933
741,522.41,526.1,2338.15894,761.8924385,70.57043136
742,522.31,526,2331.108892,759.5951705,70.42513421
743,522.21,525.9,2324.072816,757.3024548,70.29120384
744,522.11,525.8,2317.050597,755.0142547,70.14911904
745,522.01,525.7,2310.041961,752.7304807,70.02235469
746,521.91,525.6,2303.046614,750.451037,69.88150541
747,521.81,525.5,2296.064994,748.1760661,69.74930477
748,521.71,525.4,2289.096851,745.9054865,69.61660992
749,521.61,525.3,2282.141965,743.6392272,69.4792201
750,521.51,525.2,2275.200801,741.3774388,69.33886502
751,521.41,525.1,2268.273943,739.1203123,69.20567597
752,521.31,525,2261.360092,736.8674241,69.07100429
753,521.21,524.9,2254.459518,734.618862,68.93781523
754,521.11,524.8,2247.57214,732.3746,68.81055667
755,521.01,524.7,2240.697877,730.1346116,68.67539078
756,520.91,524.6,2233.83762,727.899187,68.53083494
757,520.81,524.5,2226.992006,725.6685339,68.38800883
758,520.71,524.4,2220.159547,723.4421673,68.25778502
759,520.61,524.3,2213.341068,721.2203563,68.11248787
760,520.51,524.2,2206.536869,719.0031982,67.97015597
761,520.41,524.1,2199.74704,716.7907227,67.82683565
762,520.31,524,2192.970616,714.5826153,67.69636474
763,520.21,523.9,2186.207676,712.3789017,67.5582336
764,520.11,523.8,2179.458047,710.1795255,67.43517581
765,520.01,523.7,2172.720656,707.9841368,67.30742304
766,519.91,523.6,2165.996335,705.7930072,67.18065869
767,519.81,523.5,2159.285289,703.6062032,67.04079782
768,519.71,523.4,2152.587307,701.4236561,66.91798714
769,519.61,523.3,2145.901914,699.2452114,66.79270541
770,519.51,523.2,2139.228416,697.0706425,66.67928467
771,519.41,523.1,2132.566955,694.899996,66.54980218
772,519.31,523,2125.918249,692.7335056,66.42254362
773,519.21,522.9,2119.282771,690.5713256,66.29133139
774,519.11,522.8,2112.659901,688.4132538,66.16382573
775,519.01,522.7,2106.049889,686.2593721,66.03187219
776,518.91,522.6,2099.453185,684.1098265,65.89794182
777,518.81,522.5,2092.870011,681.96469,65.77043616
778,518.71,522.4,2086.299708,679.8237471,65.63872973
779,518.61,522.3,2079.742464,677.6870599,65.50652909
780,518.51,522.2,2073.197697,675.5544382,65.38767206
781,518.41,522.1,2066.665043,673.4257636,65.26584979
782,518.31,522,2060.144818,671.301139,65.142792
783,518.21,521.9,2053.636512,669.1803979,65.01874579
784,518.11,521.8,2047.140852,667.0637779,64.8897575
785,518.01,521.7,2040.658274,664.9514205,64.7595337
786,517.91,521.6,2034.188646,662.8432829,64.63301645
787,517.81,521.5,2027.731271,660.7391383,64.5129239
788,517.71,521.4,2021.286475,658.639092,64.38072326
789,517.61,521.3,2014.854994,656.5433847,64.25247629
790,517.51,521.2,2008.436049,654.4517624,64.12398221
791,517.41,521.1,2002.030058,652.3643611,63.99721786
792,517.31,521,1995.636663,650.2810641,63.87168902
793,517.21,520.9,1989.255553,648.2017703,63.74393626
794,517.11,520.8,1982.887337,646.126678,63.61791322
795,517.01,520.7,1976.531582,644.0556463,63.4931257
796,516.91,520.6,1970.188213,641.9886502,63.36759686
797,516.81,520.5,1963.857285,639.9257084,63.24552749
798,516.71,520.4,1957.53918,637.8669448,63.11135002
799,516.61,520.3,1951.233888,635.8123562,62.9932343
800,516.51,520.2,1944.941015,633.7618147,62.86226918
801,516.41,520.1,1938.661742,631.7157047,62.72389094
802,516.31,520,1932.395418,629.673814,62.60602234
803,516.21,519.9,1926.14213,627.6361712,62.46393754
804,516.11,519.8,1919.901993,625.6028136,62.33396083
805,516.01,519.7,1913.67591,623.5740355,62.18792237
806,515.91,519.6,1907.464194,621.5499391,62.04707309
807,515.81,519.5,1901.26682,619.5305157,61.89732806
808,515.71,519.4,1895.084752,617.51608,61.75054829
809,515.61,519.3,1888.917973,615.5066264,61.58745965
810,515.51,519.2,1882.766798,613.5022569,61.43845594
811,515.41,519.1,1876.630222,611.502645,61.29217037
812,515.31,519,1870.508327,609.5078167,61.14687322
813,515.21,518.9,1864.400894,607.5177009,60.99712819
814,515.11,518.8,1858.307892,605.5322875,60.85850285
815,515.01,518.7,1852.229381,603.5515961,60.71172307
816,514.91,518.6,1846.165432,601.5756496,60.56864986
817,514.81,518.5,1840.115739,599.6043483,60.42508243
818,514.71,518.4,1834.079949,597.6375775,60.29535283
819,514.61,518.3,1828.056699,595.6748931,60.16315219
820,514.51,518.2,1822.047215,593.7166941,60.02304422
821,514.41,518.1,1816.051775,591.7630712,59.88021811
822,514.31,518,1810.069804,589.8138374,59.75122982
823,514.21,517.9,1804.101192,587.8689568,59.61754656
824,514.11,517.8,1798.146541,585.928625,59.47867411
825,514.01,517.7,1792.205428,583.9927048,59.33881325
826,513.91,517.6,1786.278804,582.061506,59.19697555
827,513.81,517.5,1780.366182,580.1348698,59.05637338
828,513.71,517.4,1774.468037,578.2129508,58.90835808
829,513.61,517.3,1768.584395,576.2957575,58.76701459
830,513.51,517.2,1762.715108,574.3832421,58.62221165
831,513.41,517.1,1756.859957,572.4753327,58.48086816
832,513.31,517,1751.018423,570.5718604,58.34619648
833,513.21,516.9,1745.189676,568.6725548,58.22462131
834,513.11,516.8,1739.373439,566.7773257,58.10378746
835,513.01,516.7,1733.569267,564.8860279,57.98641306
836,512.91,516.6,1727.777306,562.998709,57.85693056
837,512.81,516.5,1721.997063,561.1152085,57.74771059
838,512.71,516.4,1716.227903,559.2353198,57.63206592
839,512.61,516.3,1710.470082,557.3591253,57.52284595
840,512.51,516.2,1704.723014,555.4864349,57.4146144
841,512.41,516.1,1698.987059,553.6173658,57.30144077
842,512.31,516,1693.262656,551.7520611,57.18431347
843,512.21,515.9,1687.549598,549.8904531,57.07682323
844,512.11,515.8,1681.84695,548.0322368,56.9698272
845,512.01,515.7,1676.156275,546.1779223,56.84479258
846,511.91,515.6,1670.477005,544.3273239,56.73680813
847,511.81,515.5,1664.808953,542.4803811,56.62462291
848,511.71,515.4,1659.15154,540.636905,56.51935661
849,511.61,515.3,1653.505351,538.7970862,56.40222931
850,511.51,515.2,1647.870899,536.9610919,56.28707885
851,511.41,515.1,1642.247182,535.1285959,56.18304806
852,511.31,515,1636.634324,533.299638,56.07629914
853,511.21,514.9,1631.032205,531.4741795,55.96460813
854,511.11,514.8,1625.44122,529.6523491,55.85439974
855,511.01,514.7,1619.862474,527.8345066,55.721952
856,510.91,514.6,1614.296081,526.0206895,55.60803706
857,510.81,514.5,1608.74102,524.2105648,55.48497926
858,510.71,514.4,1603.198643,522.4045733,55.3638983
859,510.61,514.3,1597.668158,520.6024568,55.24084051
860,510.51,514.2,1592.150526,518.8045286,55.11531168
861,510.41,514.1,1586.645236,517.0106221,54.98607629
862,510.31,514,1581.153308,515.2210693,54.85659379
863,510.21,513.9,1575.674375,513.4357512,54.72266342
864,510.11,513.8,1570.208693,511.654751,54.5850265
865,510.01,513.7,1564.756559,509.8781652,54.45974477
866,509.91,513.6,1559.316176,508.1054088,54.33965222
867,509.81,513.5,1553.887871,506.3365877,54.22549018
868,509.71,513.4,1548.471488,504.5716518,54.10762157
869,509.61,513.3,1543.066576,502.8104534,53.98876454
870,509.51,513.2,1537.672704,501.0528525,53.88621638
871,509.41,513.1,1532.289296,499.2986612,53.77996166
872,509.31,513,1526.916781,497.5480194,53.66579962
873,509.21,512.9,1521.556107,495.8012363,53.55089626
874,509.11,512.8,1516.206316,494.0579991,53.43945235
875,509.01,512.7,1510.868131,492.3185438,53.32702003
876,508.91,512.6,1505.540883,490.5826524,53.21681165
877,508.81,512.5,1500.225017,488.8504699,53.1028967
878,508.71,512.4,1494.921127,487.1221899,52.97440262
879,508.61,512.3,1489.629403,485.3978738,52.85826374
880,508.51,512.2,1484.349333,483.6773554,52.74187776
881,508.41,512.1,1479.080828,481.9606055,52.62895123
882,508.31,512,1473.824318,480.2477645,52.5036695
883,508.21,511.9,1468.579961,478.5388832,52.38505958
884,508.11,511.8,1463.346762,476.8336377,52.27979328
885,508.01,511.7,1458.124369,475.1319135,52.16711386
886,507.91,511.6,1452.913579,473.4339702,52.04850394
887,507.81,511.5,1447.714443,471.7398243,51.93582451
888,507.71,511.4,1442.526212,470.0492318,51.82512192
889,507.61,511.3,1437.349513,468.3623969,51.7067591
890,507.51,511.2,1432.18499,466.6795297,51.58370131
891,507.41,511.1,1427.032835,465.0006927,51.46138483
892,507.31,511,1421.892462,463.3256946,51.34450464
893,507.21,510.9,1416.763902,461.6545462,51.22589472
894,507.11,510.8,1411.647834,459.9874681,51.0949296
895,507.01,510.7,1406.54402,458.324383,50.97977914
896,506.91,510.6,1401.451893,456.6651062,50.85696845
897,506.81,510.5,1396.372678,455.0100365,50.73316934
898,506.71,510.4,1391.305503,453.3588905,50.60912314
899,506.61,510.3,1386.250488,451.7117065,50.48878349
900,506.51,510.2,1381.208742,450.0688463,50.34249792
901,506.41,510.1,1376.182964,448.4311894,50.17347878
902,506.31,510,1371.172412,446.7984937,50.03658317
903,506.21,509.9,1366.174587,445.1699453,49.92439795
904,506.11,509.8,1361.1879,443.5450264,49.80875328
905,506.01,509.7,1356.212698,441.9238496,49.69928621
906,505.91,509.6,1351.247517,440.3059381,49.60069171
907,505.81,509.5,1346.29346,438.6916517,49.47862234
908,505.71,509.4,1341.351481,437.0813007,49.35655296
909,505.61,509.3,1336.421532,435.4748699,49.24313222
910,505.51,509.2,1331.502842,433.8721077,49.12897018
911,505.41,509.1,1326.595379,432.2730039,49.02098573
912,505.31,509,1321.698434,430.6773273,48.91275418
913,505.21,508.9,1316.812903,429.0853699,48.79290874
914,505.11,508.8,1311.939264,427.4972876,48.68294746
915,505.01,508.7,1307.076539,425.9127617,48.57002093
916,504.91,508.6,1302.225168,424.3319356,48.45758861
917,504.81,508.5,1297.384902,422.7547279,48.34367366
918,504.71,508.4,1292.556648,421.1814346,48.22160429
919,504.61,508.3,1287.740476,419.6120781,48.10126464
920,504.51,508.2,1282.936106,418.0465672,47.97845395
921,504.41,508.1,1278.144455,416.4852008,47.8516896
922,504.31,508,1273.365516,414.9279766,47.72023027
923,504.21,507.9,1268.600647,413.3753374,47.58209914
924,504.11,507.8,1263.849244,411.8270858,47.44248538
925,504.01,507.7,1259.11143,410.2832625,47.30633107
926,503.91,507.6,1254.387272,408.7438887,47.18006093
927,503.81,507.5,1249.675813,407.208653,47.05082554
928,503.71,507.4,1244.977607,405.6777358,46.91961331
929,503.61,507.3,1240.292171,404.1509798,46.78543584
930,503.51,507.2,1235.620151,402.6285955,46.65175258
931,503.41,507.1,1230.962107,401.1107652,46.51609248
932,503.31,507,1226.317107,399.5971852,46.393776
933,503.21,506.9,1221.683428,398.0872945,46.28579155
934,503.11,506.8,1217.059945,396.5807259,46.18250208
935,503.01,506.7,1212.446658,395.0774795,46.08316627
936,502.91,506.6,1207.843563,393.5775546,45.98111232
937,502.81,506.5,1203.250748,392.0809792,45.87559891
938,502.71,506.4,1198.668388,390.5878106,45.77379206
939,502.61,506.3,1194.096119,389.0979302,45.67322074
940,502.51,506.2,1189.534326,387.6114634,45.56202394
941,502.41,506.1,1184.983263,386.1284931,45.4612055
942,502.31,506,1180.442177,384.6487735,45.35717472
943,502.21,505.9,1175.911321,383.1723876,45.2632752
944,502.11,505.8,1171.390015,381.6991136,45.15998573
945,502.01,505.7,1166.879245,380.2292727,45.04878893
946,501.91,505.6,1162.380465,378.763339,44.9294377
947,501.81,505.5,1157.893384,377.3012173,44.81725248
948,501.71,505.4,1153.416924,375.8425563,44.70951514
949,501.61,505.3,1148.950983,374.3873231,44.60375462
950,501.51,505.2,1144.49613,372.9357028,44.49379334
951,501.41,505.1,1140.050542,371.4871016,44.41027219
952,501.31,505,1135.614152,370.0414975,44.31563136
953,501.21,504.9,1131.187754,368.5991495,44.21654266
954,501.11,504.8,1126.771088,367.1599723,44.11745395
955,501.01,504.7,1122.363775,365.7238432,44.02330733
956,500.91,504.6,1117.96628,364.2909132,43.9289136
957,500.81,504.5,1113.578224,362.8610588,43.83204883
958,500.71,504.4,1109.200014,361.434413,43.72999488
959,500.61,504.3,1104.831767,360.0110133,43.63584826
960,500.51,504.2,1100.472535,358.5905512,43.55109158
961,500.41,504.1,1096.121228,357.1726717,43.4717712
962,500.31,504,1091.778191,355.757487,43.38948557
963,500.21,503.9,1087.443855,354.3451373,43.29657446
964,500.11,503.8,1083.118066,352.9355728,43.22170195
965,500.01,503.7,1078.800321,351.5286294,43.12977926
966,499.91,503.6,1074.4914,350.1245611,43.04897626
967,499.81,503.5,1070.190614,348.7231439,42.96397248
968,499.71,503.4,1065.898264,347.3244755,42.88292237
969,499.61,503.3,1061.613858,345.9283959,42.80236646
970,499.51,503.2,1057.337847,344.5350514,42.71958662
971,499.41,503.1,1053.07001,343.1443708,42.63433574
972,499.31,503,1048.810954,341.7565513,42.54735514
973,499.21,502.9,1044.560683,340.3715942,42.4583977
974,499.11,502.8,1040.318937,338.9894153,42.3721584
975,499.01,502.7,1036.085919,337.6100803,42.28888435
976,498.91,502.6,1031.861244,336.2334638,42.20190374
977,498.81,502.5,1027.645329,334.8597019,42.11541734
978,498.71,502.4,1023.438169,333.4887929,42.02250624
979,498.61,502.3,1019.240258,332.1208974,41.93651405
980,498.51,502.2,1015.050912,330.7557932,41.84755661
981,498.41,502.1,1010.870018,329.3934429,41.76551808
982,498.31,502,1006.697844,328.0339338,41.6802672
983,498.21,501.9,1002.534016,326.6771446,41.6002055
984,498.11,501.8,998.3785873,325.3230922,41.50680019
985,498.01,501.7,994.2319221,323.9718954,41.42624429
986,497.91,501.6,990.0936727,322.6234409,41.33654554
987,497.81,501.5,985.9643892,321.277908,41.24536416
988,497.71,501.4,981.8443105,319.9353745,41.15442989
989,497.61,501.3,977.7338397,318.5959717,41.05410566
990,497.51,501.2,973.6336207,317.2599094,40.94908646
991,497.41,501.1,969.5432984,315.9270721,40.85592826
992,497.31,501,965.4625627,314.5973585,40.75782797
993,497.21,500.9,961.3915458,313.2708118,40.66491686
994,497.11,500.8,957.3293766,311.9471482,40.57719494
995,497.01,500.7,953.2757325,310.6262624,40.49540352
996,496.91,500.6,949.2299216,309.3079292,40.42102522
997,496.81,500.5,945.1918765,307.9921264,40.33799827
998,496.71,500.4,941.1622544,306.6790682,40.25175898
999,496.61,500.3,937.14111,305.3687726,40.17169728
1000,496.51,500.2,933.1282786,304.0611857,40.08595219
1001,496.41,500.1,929.1231922,302.7561226,40.01058547
1002,496.31,500,925.1258577,301.4535854,39.93398323
1003,496.21,499.9,921.1369174,300.1537835,39.84626131
1004,496.11,499.8,917.1566422,298.8568051,39.76026912
1005,496.01,499.7,913.1852966,297.5627365,39.6661225
1006,495.91,499.6,909.2232529,296.2716989,39.56876352
1007,495.81,499.5,905.2705677,294.9837107,39.48301843
1008,495.71,499.4,901.3263071,293.6984678,39.4004857
1009,495.61,499.3,897.3904823,292.4159736,39.31820006
1010,495.51,499.2,893.4630987,291.1362301,39.23047814
1011,495.41,499.1,889.5447165,289.8594196,39.13262496
1012,495.31,499,885.6355679,288.5856179,39.04638566
1013,495.21,498.9,881.7356322,287.3148183,38.95668691
1014,495.11,498.8,877.8439484,286.0467076,38.87835494
1015,495.01,498.7,873.9603803,284.7812413,38.79458669
1016,494.91,498.6,870.0851626,283.5184961,38.71131264
1017,494.81,498.5,866.2181427,282.2584221,38.62754438
1018,494.71,498.4,862.3595632,281.0010985,38.54723558
1019,494.61,498.3,858.5091415,279.746433,38.46297312
1020,494.51,498.2,854.6669678,278.4944552,38.38241722
1021,494.41,498.1,850.8332899,277.2452458,38.29271846
1022,494.31,498,847.00782,275.998711,38.21413939
1023,494.21,497.9,843.1911085,274.75503,38.12048698
1024,494.11,497.8,839.3828715,273.5141106,38.0416608
1025,494.01,497.7,835.5827354,272.2758308,37.96258752
1026,493.91,497.6,831.7910972,271.0403201,37.86646406
1027,493.81,497.5,828.0086197,269.8077944,37.78146029
1028,493.71,497.4,824.234988,268.5781511,37.69497389
1029,493.61,497.3,820.4697537,267.3512441,37.6089817
1030,493.51,497.2,816.7136892,266.1273251,37.51137562
1031,493.41,497.1,812.9676759,264.9066813,37.41278112
1032,493.31,497,809.2306002,263.6889498,37.3312368
1033,493.21,496.9,805.501795,262.4739133,37.2388199
1034,493.11,496.8,801.783042,261.2621523,37.1394841
1035,493.01,496.7,798.0739073,260.0535255,37.04657299
1036,492.91,496.6,794.3739927,258.847903,36.9484727
1037,492.81,496.5,790.6838532,257.6454657,36.85704422
1038,492.71,496.4,787.0034895,256.446214,36.75326054
1039,492.61,496.3,783.3328253,255.2501228,36.65664288
1040,492.51,496.2,779.6725448,254.0574151,36.54890554
1041,492.41,496.1,776.0225308,252.8680528,36.44981683
1042,492.31,496,772.3826039,251.6819774,36.3489984
1043,492.21,495.9,768.7521869,250.4990009,36.25559309
1044,492.11,495.8,765.1318165,249.319298,36.15378624
1045,492.01,495.7,761.5210038,248.1427095,36.06136934
1046,491.91,495.6,757.9192408,246.9690699,35.96994086
1047,491.81,495.5,754.3269889,245.7985294,35.87455872
1048,491.71,495.4,750.7438508,244.6309588,35.78189472
1049,491.61,495.3,747.1706588,243.466629,35.67934656
1050,491.51,495.2,743.6093936,242.3061857,35.5459104
1051,491.41,495.1,740.0605974,241.1498053,35.42581786
1052,491.31,495,736.5240613,239.99742,35.30770214
1053,491.21,494.9,732.9994034,238.8489052,35.19230458
1054,491.11,494.8,729.4855742,237.7039189,35.08629696
1055,491.01,494.7,725.9821987,236.562339,34.98547853
1056,490.91,494.6,722.4884442,235.4238941,34.89232032
1057,490.81,494.5,719.0038438,234.288432,34.80064474
1058,490.71,494.4,715.528671,233.156042,34.70402707
1059,490.61,494.3,712.0626288,232.0266272,34.61630515
1060,490.51,494.2,708.6055984,230.9001489,34.52240563
1061,490.41,494.1,705.1581984,229.7768087,34.42677638
1062,490.31,494,701.7203123,228.6565685,34.32941741
1063,490.21,493.9,698.2914179,227.5392584,34.24713178
1064,490.11,493.8,694.8704961,226.4245461,34.17028243
1065,490.01,493.7,691.457544,225.3124308,34.09343309
1066,489.91,493.6,688.0519665,224.2027185,34.01559533
1067,489.81,493.5,684.6539287,223.095463,33.9456649
1068,489.71,493.4,681.2629045,221.9904929,33.87449894
1069,489.61,493.3,677.8789515,220.887827,33.80209747
1070,489.51,493.2,674.5022603,219.7875273,33.729696
1071,489.41,493.1,671.1327495,218.6895674,33.66223661
1072,489.31,493,667.7697515,217.5937297,33.59625984
1073,489.21,492.9,664.4132739,216.5000167,33.52929466
1074,489.11,492.8,661.0640745,215.4086753,33.4519511
1075,489.01,492.7,657.7222994,214.319753,33.38004384
1076,488.91,492.6,654.3873817,213.2330653,33.31283155
1077,488.81,492.5,651.0598229,212.1487755,33.23993587
1078,488.71,492.4,647.739466,211.0668325,33.16901702
1079,488.61,492.3,644.4264897,209.9872944,33.08771981
1080,488.51,492.2,641.1214074,208.9103286,33.01408282
1081,488.41,492.1,637.8240231,207.8358712,32.93155008
1082,488.31,492,634.5343667,206.763932,32.86161965
1083,488.21,491.9,631.2521981,205.6944326,32.78229926
1084,488.11,491.8,627.9781642,204.627584,32.69976653
1085,488.01,491.7,624.7121193,203.5633386,32.61995194
1086,487.91,491.6,621.4541695,202.501731,32.53544237
1087,487.81,491.5,618.2046024,201.4428549,32.45661619
1088,487.71,491.4,614.9634365,200.3867163,32.36864717
1089,487.61,491.3,611.7310034,199.3334234,32.28586733
1090,487.51,491.2,608.5069362,198.2828565,32.19419174
1091,487.41,491.1,605.291412,197.2350733,32.11165901
1092,487.31,491,602.0847059,196.1901635,32.02121894
1093,487.21,490.9,598.8867381,195.1481012,31.93399123
1094,487.11,490.8,595.6982855,194.1091393,31.8393504
1095,487.01,490.7,592.5186442,193.0730486,31.75434662
1096,486.91,490.6,589.3472486,192.0396448,31.6784857
1097,486.81,490.5,586.1829398,191.0085503,31.60682554
1098,486.71,490.4,583.0257884,189.979788,31.53195302
1099,486.61,490.3,579.8769128,188.9537224,31.44769056
1100,486.51,490.2,576.7359563,187.9302372,31.37182963
1101,486.41,490.1,573.6026286,186.9092379,31.29300346
1102,486.31,490,570.4768983,185.8907142,31.21911936
1103,486.21,489.9,567.3588151,184.8746823,31.13930477
1104,486.11,489.8,564.2487233,183.8612544,31.06640909
1105,486.01,489.7,561.1465932,182.8504209,30.97646323
1106,485.91,489.6,558.052357,181.8421596,30.90702701
1107,485.81,489.5,554.9660272,180.8364746,30.81930509
1108,485.71,489.4,551.8878549,179.8334478,30.74665651
1109,485.61,489.3,548.8175362,178.83298,30.65819328
1110,485.51,489.2,545.7558989,177.8353411,30.57689606
1111,485.41,489.1,542.7021992,176.8402887,30.49559885
1112,485.31,489,539.6572693,175.8480939,30.40762982
1113,485.21,488.9,536.6205596,174.8585777,30.32534419
1114,485.11,488.8,533.592277,173.8718075,30.23811648
1115,485.01,488.7,530.5729188,172.8879453,30.14569958
1116,484.91,488.6,527.5629732,171.9071502,30.05081165
1117,484.81,488.5,524.5623298,170.9293863,29.95765344
1118,484.71,488.4,521.5712133,169.9547267,29.86152998
1119,484.61,488.3,518.5899697,168.9832842,29.76120576
1120,484.51,488.2,515.6196315,168.0153952,29.6401248
1121,484.41,488.1,512.6619968,167.0516457,29.51261914
1122,484.31,488,509.7165514,166.0918681,29.40117523
1123,484.21,487.9,506.7816123,165.135514,29.29220237
1124,484.11,487.8,503.8571123,164.1825615,29.19682022
1125,484.01,487.7,500.9423673,163.2327877,29.10119098
1126,483.91,487.6,498.0367223,162.2859791,29.01173933
1127,483.81,487.5,495.1399914,161.3420752,28.92673555
1128,483.71,487.4,492.251618,160.4008946,28.8429673
1129,483.61,487.3,489.3713285,159.4623481,28.76364691
1130,483.51,487.2,486.4997918,158.5266538,28.66554662
1131,483.41,487.1,483.6370474,157.5938244,28.58548493
1132,483.31,487,480.7830658,156.6638504,28.49380934
1133,483.21,486.9,477.9383096,155.7368825,28.40262797
1134,483.11,486.8,475.1025299,154.8128397,28.31144659
1135,483.01,486.7,472.2765707,153.8919968,28.2066745
1136,482.91,486.6,469.4608802,152.9745,28.10017267
1137,482.81,486.5,466.6558201,152.0604672,28.00553184
1138,482.71,486.4,463.8597456,151.1493623,27.91805702
1139,482.61,486.3,461.0721394,150.2410168,27.83428877
1140,482.51,486.2,458.2925764,149.3352922,27.75694522
1141,482.41,486.1,455.5206796,148.4320657,27.67836614
1142,482.31,486,452.75695,147.5315005,27.59756314
1143,482.21,485.9,450.0005619,146.6333275,27.5273856
1144,482.11,485.8,447.2515207,145.7375484,27.45177178
1145,482.01,485.7,444.5098443,144.8441693,27.38134714
1146,481.91,485.6,441.7754251,143.9531548,27.3047449
1147,481.81,485.5,439.0490896,143.0647745,27.21924691
1148,481.71,485.4,436.3315671,142.1792659,27.1322663
1149,481.61,485.3,433.6226475,141.2965606,27.04330886
1150,481.51,485.2,430.9224319,140.4166915,26.95608115
1151,481.41,485.1,428.2307855,139.5396146,26.88022022
1152,481.31,485,425.5467183,138.6650075,26.79991142
1153,481.21,484.9,422.8710015,137.7931213,26.72059104
1154,481.11,484.8,420.202976,136.9237414,26.64077645
1155,481.01,484.7,417.5431856,136.0570449,26.5515719
1156,480.91,484.6,414.8919331,135.1931305,26.47422835
1157,480.81,484.5,412.2483627,134.3317193,26.39490797
1158,480.71,484.4,409.613055,133.4730005,26.31509338
1159,480.61,484.3,406.9862255,132.6170443,26.22663014
1160,480.51,484.2,404.3671014,131.763599,26.15472288
1161,480.41,484.1,401.7552525,130.9125243,26.08627507
1162,480.31,484,399.1501714,130.0636549,26.01782726
1163,480.21,483.9,396.5517208,129.216946,25.9523447
1164,480.11,483.8,393.9600633,128.3724507,25.88562662
1165,480.01,483.7,391.3750127,127.5301083,25.82162669
1166,479.91,483.6,388.7959176,126.6897065,25.75614413
1167,479.81,483.5,386.2237498,125.8515619,25.6867079
1168,479.71,483.4,383.6584263,125.0156476,25.61924851
1169,479.61,483.3,381.0995891,124.1818468,25.55524858
1170,479.51,483.2,378.5470684,123.3501043,25.49643782
1171,479.41,483.1,376.0006097,122.5203371,25.42971974
1172,479.31,483,373.4611129,121.6928384,25.36127194
1173,479.21,482.9,370.9279612,120.8674073,25.29999014
1174,479.11,482.8,368.4010915,120.0440232,25.23796704
1175,479.01,482.7,365.8804833,119.2226794,25.17372
1176,478.91,482.6,363.3665983,118.4035263,25.10502509
1177,478.81,482.5,360.8593805,117.5865458,25.04003674
1178,478.71,482.4,358.3589527,116.7717779,24.96837658
1179,478.61,482.3,355.8653219,115.9592247,24.90585926
1180,478.51,482.2,353.3779906,115.1487242,24.83469331
1181,478.41,482.1,350.8984289,114.3407555,24.75809107
1182,478.31,482,348.4257107,113.5350167,24.68914906
1183,478.21,481.9,345.9600321,112.7315718,24.62317229
1184,478.11,481.8,343.5015701,111.9304785,24.54533453
1185,478.01,481.7,341.0507208,111.1318657,24.47169754
1186,477.91,481.6,338.6070872,110.3356042,24.39633082
1187,477.81,481.5,336.1711305,109.5418442,24.32294093
1188,477.71,481.4,333.7430908,108.750664,24.23694874
1189,477.61,481.3,331.3231171,107.9621121,24.16355885
1190,477.51,481.2,328.9104749,107.1759492,24.09214579
1191,477.41,481.1,326.5050316,106.3921321,24.01653197
1192,477.31,481,324.1071703,105.6107855,23.93894131
1193,477.21,480.9,321.7171882,104.8320065,23.86085645
1194,477.11,480.8,319.3348932,104.0557322,23.78524262
1195,477.01,480.7,316.9603622,103.2819879,23.70493382
1196,476.91,480.6,314.5939218,102.5108799,23.62363661
1197,476.81,480.5,312.2354804,101.7423784,23.54406912
1198,476.71,480.4,309.8851275,100.9765125,23.46474874
1199,476.61,480.3,307.5424508,100.213148,23.38616966
1200,476.51,480.2,305.2086506,99.45267584,23.29078752
1201,476.41,480.1,302.8843674,98.6953048,23.19145171
1202,476.31,480,300.5700793,97.94119073,23.0980464
1203,476.21,479.9,298.2651619,97.19013007,22.9992048
1204,476.11,479.8,295.970227,96.44232226,22.89640954
1205,476.01,479.7,293.6869769,95.69832195,22.76915098
1206,475.91,479.6,291.4163539,94.95843621,22.64164531
1207,475.81,479.5,289.1582536,94.22263097,22.51908173
1208,475.71,479.4,286.9125378,93.49086128,22.39874208
1209,475.61,479.3,284.6786177,92.7629352,22.28383872
1210,475.51,479.2,282.4546135,92.03824026,22.19488128
1211,475.41,479.1,280.239754,91.31652512,22.10271149
1212,475.31,479,278.0338976,90.59774364,22.01301274
1213,475.21,478.9,275.8369608,89.88186866,21.92084294
1214,475.11,478.8,273.6495746,89.16910573,21.83312102
1215,475.01,478.7,271.4705081,88.45905379,21.74910566
1216,474.91,478.6,269.299733,87.7517036,21.66583162
1217,474.81,478.5,267.1370045,87.04697541,21.58404019
1218,474.71,478.4,264.9827818,86.34501886,21.50150746
1219,474.61,478.3,262.8364377,85.64562958,21.42589363
1220,474.51,478.2,260.6977519,84.94873576,21.34311379
1221,474.41,478.1,258.5683185,84.25485681,21.24402509
1222,474.31,478,256.4483537,83.56406327,21.15333792
1223,474.21,477.9,254.3377305,82.87631367,21.05894419
1224,474.11,477.8,252.2360731,82.19148558,20.9731991
1225,474.01,477.7,250.1428956,81.5094207,20.88893664
1226,473.91,477.6,248.0578251,80.8299975,20.81109888
1227,473.81,477.5,245.9804478,80.15308114,20.73943872
1228,473.71,477.4,243.9106236,79.47862594,20.65690598
1229,473.61,477.3,241.8488526,78.80679492,20.58005664
1230,473.51,477.2,239.7944976,78.13738042,20.50716096
1231,473.41,477.1,237.7475636,77.47038404,20.4293232
1232,473.31,477,235.7095066,76.80628025,20.33591789
1233,473.21,476.9,233.6798871,76.1449258,20.25387936
1234,473.11,476.8,231.658528,75.48626305,20.17703002
1235,473.01,476.7,229.6444882,74.82998531,20.10586406
1236,472.91,476.6,227.6379067,74.17613786,20.02530816
1237,472.81,476.5,225.6392371,73.52486851,19.953648
1238,472.71,476.4,223.6478509,72.87597247,19.87531603
1239,472.61,476.3,221.6642148,72.22960179,19.79204198
1240,472.51,476.2,219.6890675,71.58599722,19.71049766
1241,472.41,476.1,217.72185,70.94497659,19.63290701
1242,472.31,476,215.7623874,70.30648289,19.55284531
1243,472.21,475.9,213.8114486,69.67076668,19.46191104
1244,472.11,475.8,211.8696526,69.03802966,19.37072966
1245,472.01,475.7,209.9368116,68.40821066,19.28547878
1246,471.91,475.6,208.0121961,67.78107194,19.20689971
1247,471.81,475.5,206.095651,67.15656297,19.12115462
1248,471.71,475.4,204.1875349,66.53480062,19.03862189
1249,471.61,475.3,202.2881076,65.91586953,18.9526297
1250,471.51,475.2,200.3970981,65.29968138,18.8663904
1251,471.41,475.1,198.5146409,64.68628,18.7796569
1252,471.31,475,196.6405689,64.07561094,18.6998423
1253,471.21,474.9,194.7748428,63.46766142,18.61360301
1254,471.11,474.8,192.9175796,62.86246955,18.53230579
1255,471.01,474.7,191.0687191,62.26001572,18.44779622
1256,470.91,474.6,189.2288785,61.66050102,18.35562643
1257,470.81,474.5,187.3985441,61.06408392,18.25752614
1258,470.71,474.4,185.5772514,60.47061311,18.16510925
1259,470.61,474.3,183.7651288,59.88013036,18.07886995
1260,470.51,474.2,181.9620463,59.29259335,17.98768858
1261,470.41,474.1,180.1681817,58.70805998,17.89205933
1262,470.31,474,178.3831601,58.12640813,17.80285478
1263,470.21,473.9,176.6077205,57.5478786,17.70771974
1264,470.11,473.8,174.8417611,56.9724382,17.6125847
1265,470.01,473.7,173.0859549,56.40030625,17.51003654
1266,469.91,473.6,171.3402902,55.83147892,17.40304051
1267,469.81,473.5,169.6046991,55.26593405,17.30741126
1268,469.71,473.4,167.8789327,54.70359062,17.20807546
1269,469.61,473.3,166.1633994,54.14458163,17.10206784
1270,469.51,473.2,164.4584878,53.58903372,16.99383629
1271,469.41,473.1,162.7647315,53.03712081,16.87646189
1272,469.31,473,161.0824518,52.48894757,16.76971296
1273,469.21,472.9,159.4120027,51.94462933,16.63504128
1274,469.11,472.8,157.7551039,51.4047265,16.50481747
1275,469.01,472.7,156.1111693,50.86904806,16.37385235
1276,468.91,472.6,154.4798524,50.33748109,16.25153587
1277,468.81,472.5,152.8607279,49.80988707,16.13514989
1278,468.71,472.4,151.2532348,49.28608314,16.01777549
1279,468.61,472.3,149.6572832,48.76604001,15.9013895
1280,468.51,472.2,148.0738286,48.25006908,15.7716599
1281,468.41,472.1,146.5023565,47.73800264,15.66071021
1282,468.31,472,144.9425981,47.22975313,15.5364169
1283,468.21,471.9,143.3947816,46.72539492,15.42299616
1284,468.11,471.8,141.8585845,46.22482288,15.30438624
1285,468.01,471.7,140.3342039,45.72810129,15.18231686
1286,467.91,471.6,138.8219777,45.23534021,15.05802355
1287,467.81,471.5,137.3226017,44.74676639,14.92458739
1288,467.71,471.4,135.837204,44.26274741,14.7889273
1289,467.61,471.3,134.3651991,43.78309253,14.65623245
1290,467.51,471.2,132.9069002,43.30790374,14.50969978
1291,467.41,471.1,131.4633714,42.8375278,14.36168448
1292,467.31,471,130.0353679,42.37221083,14.1961248
1293,467.21,470.9,128.6246168,41.91251556,14.01919834
1294,467.11,470.8,127.2317362,41.45864343,13.83831821
1295,467.01,470.7,125.8565023,41.0105215,13.6589207
1296,466.91,470.6,124.5002974,40.56860017,13.46543827
1297,466.81,470.5,123.163454,40.13298783,13.26849638
1298,466.71,470.4,121.8465254,39.70386477,13.07624947
1299,466.61,470.3,120.5488882,39.28102783,12.87312998
1300,466.51,470.2,119.2714227,38.86476388,12.67421126
1301,466.41,470.1,118.014141,38.45507683,12.46985626
1302,466.31,470,116.7765361,38.05180148,12.28823482
1303,466.21,469.9,115.5560657,37.65410948,12.1206983
1304,466.11,469.8,114.3524191,37.26189951,11.95217338
1305,466.01,469.7,113.1661949,36.87536665,11.77327008
1306,465.91,469.6,111.9982233,36.49478142,11.59486099
1307,465.81,469.5,110.8465948,36.11952162,11.43819706
1308,465.71,469.4,109.7104543,35.74930862,11.28474547
1309,465.61,469.3,108.5894028,35.38401238,11.13969542
1310,465.51,469.2,107.4823555,35.02327945,11.00156429
1311,465.41,469.1,106.3888704,34.66696575,10.86886944
1312,465.31,469,105.3085614,34.31494552,10.73988115
1313,465.21,468.9,104.2416793,33.96730046,10.59878477
1314,465.11,468.8,103.188465,33.62410907,10.46979648
1315,465.01,468.7,102.1487207,33.28530691,10.32029856
1316,464.91,468.6,101.1236122,32.95127383,10.17796666
1317,464.81,468.5,100.1130352,32.62197587,10.02525638
1318,464.71,468.4,99.11800635,32.29774429,9.8718048
1319,464.61,468.3,98.13754865,31.97826075,9.733673664
1320,464.51,468.2,97.17168264,31.66353193,9.582446016
1321,464.41,468.1,96.22107718,31.35377578,9.428994432
1322,464.31,468,95.28575154,31.04899858,9.2725776
1323,464.21,467.9,94.36772557,30.7498585,9.094168512
1324,464.11,467.8,93.46631469,30.45613247,8.931079872
1325,464.01,467.7,92.58161366,30.16785138,8.763790464
1326,463.91,467.6,91.7126663,29.88470364,8.609844672
1327,463.81,467.5,90.86048619,29.60701953,8.44107264
1328,463.71,467.4,90.02401944,29.33445564,8.290092096
1329,463.61,467.3,89.20292422,29.06690058,8.132439744
1330,463.51,467.2,88.3982895,28.80470921,7.975775808
1331,463.41,467.1,87.60815071,28.54724135,7.840115712
1332,463.31,467,86.82988048,28.29364088,7.72694208
1333,463.21,466.9,86.06243902,28.04356899,7.618710528
1334,463.11,466.8,85.30656418,27.79726609,7.503807168
1335,463.01,466.7,84.56168194,27.55454514,7.397799552
1336,462.91,466.6,83.82675202,27.31506718,7.300934784
1337,462.81,466.5,83.10067293,27.07847327,7.217660736
1338,462.71,466.4,82.38305941,26.84463787,7.135622208
1339,462.61,466.3,81.67328874,26.61335808,7.059019968
1340,462.51,466.2,80.97220423,26.38490869,6.960178368
1341,462.41,466.1,80.28132961,26.15978621,6.861089664
1342,462.31,466,79.59976618,25.93769779,6.772873536
1343,462.21,465.9,78.92563018,25.71802961,6.705414144
1344,462.11,465.8,78.25867095,25.50069999,6.631282944
1345,462.01,465.7,77.59889111,25.28570978,6.56925984
1346,461.91,465.6,76.94416828,25.07236741,6.526263744
1347,461.81,465.5,76.29379739,24.86044312,6.477090048
1348,461.71,465.4,75.64831504,24.65011178,6.431375808
1349,461.61,465.3,75.00734406,24.44125046,6.387391296
1350,461.51,465.2,74.37062621,24.23377504,6.347854656
1351,461.41,465.1,73.73776221,24.0275554,6.307823808
1352,461.31,465,73.10906002,23.82269189,6.269275584
1353,461.21,464.9,72.4841436,23.61906198,6.229738944
1354,461.11,464.8,71.8627359,23.41657539,6.198356736
1355,461.01,464.7,71.244441,23.21510312,6.16771584
1356,460.91,464.6,70.62902236,23.01456807,6.142511232
1357,460.81,464.5,70.01618059,22.8148727,6.115082688
1358,460.71,464.4,69.4061463,22.61609215,6.086418624
1359,460.61,464.3,68.79905006,22.41826897,6.054542208
1360,460.51,464.2,68.19496254,22.22142619,6.027854976
1361,460.41,464.1,67.59366397,22.02549219,5.996966976
1362,460.31,464,66.99541532,21.83055201,5.967314496
1363,460.21,463.9,66.40007664,21.63656005,5.940133056
1364,460.11,463.8,65.80775589,21.44355148,5.907762432
1365,460.01,463.7,65.21835685,21.25149497,5.878357056
1366,459.91,463.6,64.63210306,21.06046333,5.845739328
1367,459.81,463.5,64.04877362,20.87038459,5.820040512
1368,459.71,463.4,63.46851098,20.68130518,5.788164096
1369,459.61,463.3,62.89123296,20.49319831,5.755299264
1370,459.51,463.2,62.31741896,20.3062202,5.7204576
1371,459.41,463.1,61.74700046,20.12034852,5.687839872
1372,459.31,463,61.17976492,19.935514,5.656704768
1373,459.21,462.9,60.61559901,19.75167973,5.627546496
1374,459.11,462.8,60.05446561,19.56883361,5.595175872
1375,459.01,462.7,59.49656207,19.38703994,5.561569728
1376,458.91,462.6,58.94229552,19.2064314,5.520550464
1377,458.81,462.5,58.39242658,19.02725581,5.479778304
1378,458.71,462.4,57.84679015,18.8494594,5.430604608
1379,458.61,462.3,57.30621254,18.67331141,5.380936704
1380,458.51,462.2,56.77003516,18.49859725,5.342141376
1381,458.41,462.1,56.23750308,18.3250709,5.308535232
1382,458.31,462,55.7086469,18.15274236,5.268998592
1383,458.21,461.9,55.18340174,17.98159047,5.234651136
1384,458.11,461.8,54.66187121,17.811649,5.195855808
1385,458.01,461.7,54.14404353,17.64291411,5.162743872
1386,457.91,461.6,53.62958748,17.47527787,5.127160896
1387,457.81,461.5,53.11878795,17.30883311,5.08910688
1388,457.71,461.4,52.61174805,17.14361344,5.052288384
1389,457.61,461.3,52.10875631,16.97971286,5.008550976
1390,457.51,461.2,51.60991562,16.81716491,4.966543296
1391,457.41,461.1,51.11484011,16.65584384,4.93343136
1392,457.31,461,50.62322428,16.49565012,4.895624448
1393,457.21,460.9,50.13555114,16.33674113,4.857323328
1394,457.11,460.8,49.65186059,16.17912987,4.818033792
1395,457.01,460.7,49.17200348,16.02276774,4.777261632
1396,456.91,460.6,48.69666162,15.86787692,4.728087936
1397,456.81,460.5,48.22590747,15.714481,4.683115008
1398,456.71,460.4,47.75970519,15.56256832,4.638389184
1399,456.61,460.3,47.29802416,15.4121289,4.593169152
1400,456.51,460.2,46.8413724,15.26332827,4.542759936
1401,456.41,460.1,46.38952748,15.11609395,4.495068864
1402,456.31,460,45.94249517,14.97042784,4.445153856
1403,456.21,459.9,45.50056936,14.82642568,4.393262016
1404,456.11,459.8,45.06405146,14.6841857,4.341123072
1405,456.01,459.7,44.63272632,14.54363778,4.285277568
1406,455.91,459.6,44.20658381,14.40477863,4.2378336
1407,455.81,459.5,43.78548972,14.26756452,4.187424384
1408,455.71,459.4,43.36948383,14.13200841,4.13775648
1409,455.61,459.3,42.95838318,13.99805067,4.089076992
1410,455.51,459.2,42.55233117,13.86573804,4.036196736
1411,455.41,459.1,42.15150311,13.73512765,3.98084544
1411,455.31,459,41.75522627,13.60600027,3.94254432
1411,455.21,458.9,41.36265919,13.47808172,3.909432384
1411,455.11,458.8,40.97332933,13.35121803,3.878791488
1411,455.01,458.7,40.58714043,13.22537782,3.842714304
1411,454.91,458.6,40.20489237,13.10082175,3.80293056
1411,454.81,458.5,39.82711781,12.97772337,3.752768448
1411,454.71,458.4,39.4543055,12.85624194,3.703347648
1411,454.61,458.3,39.08678131,12.73648366,3.646513728
1411,454.51,458.2,38.7246546,12.61848415,3.59783424
1411,454.41,458.1,38.36711075,12.50197798,3.54964896
1411,454.31,458,38.01503728,12.38725433,3.493062144
1411,454.21,457.9,37.66824979,12.27425313,3.441664512
1411,454.11,457.8,37.3268853,12.16301902,3.382112448
1411,454.01,457.7,36.99134848,12.05368387,3.328985088
1411,453.91,457.6,36.66053382,11.94588744,3.290931072
1411,453.81,457.5,36.33329913,11.83925755,3.257324928
1411,453.71,457.4,36.00862306,11.73346138,3.235332672
1411,453.61,457.3,35.68637802,11.62845738,3.208398336
1411,453.51,457.2,35.36666472,11.52427834,3.18640608
1411,453.41,457.1,35.04945205,11.42091414,3.161448576
1411,453.31,457,34.73444011,11.31826705,3.137973696
1411,453.21,456.9,34.42211514,11.21649551,3.10856832
1411,453.11,456.8,34.11265724,11.11565821,3.083116608
1411,453.01,456.7,33.80532619,11.01551395,3.06161856
1411,452.91,456.6,33.50019151,10.91608537,3.039626304
1411,452.81,456.5,33.19733512,10.81739918,3.016151424
1411,452.71,456.4,32.89697888,10.71952767,2.99119392
1411,452.61,456.3,32.59936804,10.62255075,2.96154144
1411,452.51,456.2,32.30458588,10.52649557,2.936089728
1411,452.41,456.1,32.0121032,10.43118966,2.91459168
1411,452.31,456,31.72181716,10.33659954,2.891858112
1411,452.21,455.9,31.43367844,10.24270913,2.868630336
1411,452.11,455.8,31.14797984,10.14961383,2.84293152
1411,452.01,455.7,30.86515461,10.05745483,2.814761664
1411,451.91,455.6,30.58518653,9.966226825,2.782885248
1411,451.81,455.5,30.30812667,9.875946475,2.756198016
1411,451.71,455.4,30.03412986,9.78666422,2.724815808
1411,451.61,455.3,29.76281518,9.698255942,2.699858304
1411,451.51,455.2,29.49439458,9.610790707,2.669711616
1411,451.41,455.1,29.22895456,9.524296696,2.641294656
1411,451.31,455,28.96602078,9.438619347,2.617325568
1411,451.21,454.9,28.70558695,9.35375661,2.587425984
1411,451.11,454.8,28.44824097,9.269900053,2.561480064
1411,451.01,454.7,28.19347497,9.186884188,2.535781248
1411,450.91,454.6,27.94122598,9.104688493,2.509588224
1411,450.81,454.5,27.69153427,9.023326092,2.486113344
1411,450.71,454.4,27.44390742,8.942636528,2.468321856
1411,450.61,454.3,27.19789541,8.862473164,2.452754304
1411,450.51,454.2,26.95340171,8.782804541,2.43768096
1411,450.41,454.1,26.71018148,8.70355088,2.427055488
1411,450.31,454,26.46787158,8.624593853,2.419642368
1411,450.21,453.9,26.22630109,8.545877762,2.410252416
1411,450.11,453.8,25.98576649,8.46749922,2.400121152
1411,450.01,453.7,25.74617994,8.3894296,2.390978304
1411,449.91,453.6,25.50736578,8.311611663,2.385542016
1411,449.81,453.5,25.26935383,8.23405513,2.37466944
1411,449.71,453.4,25.03215341,8.156763033,2.368244736
1411,449.61,453.3,24.79582156,8.07975396,2.358113472
1411,449.51,453.2,24.56041904,8.003047713,2.350700352
1411,449.41,453.1,24.32575097,7.926580785,2.343040128
1411,449.31,453,24.09184915,7.850363542,2.334391488
1411,449.21,452.9,23.8587836,7.774418798,2.325989952
1411,449.11,452.8,23.62660231,7.698762192,2.319318144
1411,449.01,452.7,23.39505739,7.623312951,2.312399232
1411,448.91,452.6,23.16446046,7.548172611,2.300044032
1411,448.81,452.5,22.934761,7.473324711,2.293372224
1411,448.71,452.4,22.70577648,7.398709778,2.286206208
1411,448.61,452.3,22.47750692,7.324327815,2.279287296
1411,448.51,452.2,22.24996077,7.250181577,2.27212128
1411,448.41,452.1,22.02319888,7.176290889,2.26347264
1411,448.31,452,21.79723732,7.102660992,2.255071104
1411,448.21,451.9,21.57208434,7.02929457,2.248152192
1411,448.11,451.8,21.34765396,6.956163609,2.240244864
1411,448.01,451.7,21.12406312,6.883306216,2.232090432
1411,447.91,451.6,20.9013716,6.810741863,2.22270048
1411,447.81,451.5,20.67936,6.738399066,2.217264192
1411,447.71,451.4,20.45812299,6.66630867,2.207132928
1411,447.61,451.3,20.23786435,6.594537078,2.198484288
1411,447.51,451.2,20.01849753,6.523056085,2.188353024
1411,447.41,451.1,19.80024713,6.451938879,2.177974656
1411,447.31,451,19.58286656,6.381105108,2.169326016
1411,447.21,450.9,19.36623982,6.310516976,2.162407104
1411,447.11,450.8,19.1505204,6.240224494,2.15351136
1411,447.01,450.7,18.93562298,6.170199863,2.14486272
1411,446.91,450.6,18.72160383,6.100461414,2.134731456
1411,446.81,450.5,18.50850512,6.031022896,2.128306752
1411,446.71,450.4,18.29627771,5.961868289,2.11644576
1411,446.61,450.3,18.0849581,5.893009492,2.110021056
1411,446.51,450.2,17.87439534,5.824397316,2.099889792
1411,446.41,450.1,17.66472207,5.756074979,2.092229568
1411,446.31,450,17.45592498,5.688038149,2.084569344
1411,446.21,449.9,17.24791963,5.620259309,2.074932288
1411,446.11,449.8,17.04094185,5.552815303,2.065542336
1411,446.01,449.7,16.83489516,5.485674693,2.056152384
1411,445.91,449.6,16.62971227,5.418815554,2.046762432
1411,445.81,449.5,16.42568211,5.352332035,2.035889856
1411,445.71,449.4,16.22261576,5.286162576,2.0262528
1411,445.61,449.3,16.02050833,5.22030558,2.01636864
1411,445.51,449.2,15.81945505,5.154792081,2.004754752
1411,445.41,449.1,15.61940207,5.089604529,1.99412928
1411,445.31,449,15.42058694,5.024820336,1.9830096
1411,445.21,448.9,15.22270794,4.960341178,1.974113856
1411,445.11,448.8,15.02572707,4.896154681,1.9644768
1411,445.01,448.7,14.82991995,4.832350652,1.951380288
1411,444.91,448.6,14.63521453,4.768905612,1.942731648
1411,444.81,448.5,14.44152705,4.705792267,1.931611968
1411,444.71,448.4,14.24878897,4.642988289,1.922716224
1411,444.61,448.3,14.05709519,4.580524596,1.909866816
1411,444.51,448.2,13.86682785,4.51852571,1.896028992
1411,444.41,448.1,13.67793012,4.456973116,1.88293248
1411,444.31,448,13.49029426,4.395831701,1.868353344
1411,444.21,447.9,13.30417508,4.3351845,1.85328
1411,444.11,447.8,13.11951966,4.275014267,1.840430592
1411,444.01,447.7,12.93596642,4.215203181,1.830052224
1411,443.91,447.6,12.75348858,4.155742515,1.817697024
1411,443.81,447.5,12.57253569,4.096778757,1.801635264
1411,443.71,447.4,12.39310857,4.038312171,1.786809024
1411,443.61,447.3,12.21523428,3.980351581,1.770747264
1411,443.51,447.2,12.03921987,3.922997034,1.751473152
1411,443.41,447.1,11.86495865,3.866213765,1.734175872
1411,443.31,447,11.69236669,3.809974427,1.717619904
1411,443.21,446.9,11.52153842,3.75430979,1.699334208
1411,443.11,446.8,11.35249271,3.699226005,1.680554304
1411,443.01,446.7,11.18539781,3.644777893,1.662268608
1411,442.91,446.6,11.02032146,3.590987527,1.640276352
1411,442.81,446.5,10.85715988,3.537821094,1.622484864
1411,442.71,446.4,10.69582387,3.485249524,1.603210752
1411,442.61,446.3,10.53624328,3.433249961,1.58640768
1411,442.51,446.2,10.37832213,3.381791127,1.572075648
1411,442.41,446.1,10.22199812,3.330852724,1.554531264
1411,442.31,446,10.06759806,3.280541243,1.53451584
1411,442.21,445.9,9.914970673,3.230807391,1.518206976
1411,442.11,445.8,9.764003631,3.181614564,1.500909696
1411,442.01,445.7,9.614774791,3.132988133,1.482129792
1411,441.91,445.6,9.467507361,3.08500083,1.464585408
1411,441.81,445.5,9.321908834,3.037557341,1.444817088
1411,441.71,445.4,9.178718841,2.990898677,1.418624064
1411,441.61,445.3,9.037985506,2.945040518,1.396631808
1411,441.51,445.2,8.8990707,2.89977493,1.382793984
1411,441.41,445.1,8.761182873,2.854843984,1.37513376
1411,441.31,445,8.62407557,2.810167373,1.368214848
1411,441.21,444.9,8.487532913,2.765674753,1.362531456
1411,441.11,444.8,8.351631239,2.721390998,1.35412992
1411,441.01,444.7,8.216538495,2.677370834,1.348446528
1411,440.91,444.6,8.08197103,2.633521832,1.342268928
1411,440.81,444.5,7.948207306,2.589934731,1.334608704
1411,440.71,444.4,7.815013805,2.546533439,1.328184
1411,440.61,444.3,7.682643277,2.503400313,1.320276672
1411,440.51,444.2,7.550855231,2.460456989,1.315087488
1411,440.41,444.1,7.419773089,2.417743685,1.307921472
1411,440.31,444,7.289378303,2.375254358,1.300755456
1411,440.21,443.9,7.159631278,2.332976104,1.294330752
1411,440.11,443.8,7.030580851,2.290924837,1.287164736
1411,440.01,443.7,6.902108527,2.249061947,1.279751616
1411,439.91,443.6,6.774470364,2.207470868,1.273326912
1411,439.81,443.5,6.647553054,2.166114681,1.265419584
1411,439.71,443.4,6.521385656,2.125002854,1.258500672
1411,439.61,443.3,6.395882783,2.084107563,1.25034624
1411,439.51,443.2,6.271234792,2.043490837,1.243427328
1411,439.41,443.1,6.147311969,2.003110407,1.235272896
1411,439.31,443,6.024363688,1.963047534,1.224894528
1411,439.21,442.9,5.902285109,1.923268054,1.216245888
1411,439.11,442.8,5.780956084,1.883732818,1.209821184
1411,439.01,442.7,5.660349503,1.84443299,1.202408064
1411,438.91,442.6,5.540501295,1.80538028,1.193265216
1411,438.81,442.5,5.421520163,1.766610108,1.185357888
1411,438.71,442.4,5.303366477,1.728109561,1.176462144
1411,438.61,442.3,5.186079251,1.68989135,1.16880192
1411,438.51,442.2,5.069625049,1.651944581,1.16015328
1411,438.41,442.1,4.953996965,1.614267005,1.15274016
1411,438.31,442,4.83925645,1.576878644,1.142856
1411,438.21,441.9,4.725302004,1.539746424,1.13544288
1411,438.11,441.8,4.612193327,1.5028898,1.127041344
1411,438.01,441.7,4.499942515,1.466312712,1.117898496
1411,437.91,441.6,4.388777022,1.430089277,1.106284608
1411,437.81,441.5,4.278633126,1.394198731,1.09714176
1411,437.71,441.4,4.169363148,1.358592952,1.08849312
1411,437.61,441.3,4.060985473,1.323277931,1.078856064
1411,437.51,441.2,3.953596773,1.288285169,1.067736384
1411,437.41,441.1,3.847332111,1.253658677,1.056863808
1411,437.31,441,3.742130976,1.219378737,1.04772096
1411,437.21,440.9,3.637810212,1.185385666,1.037342592
1411,437.11,440.8,3.534626068,1.151762966,1.027458432
1411,437.01,440.7,3.432307865,1.118422433,1.01806848
1411,436.91,440.6,3.330941732,1.085392133,1.008925632
1411,436.81,440.5,3.230484344,1.052657949,0.998794368
1411,436.71,440.4,3.131151092,1.020290067,0.987921792
1411,436.61,440.3,3.032980794,0.988301134,0.9760608
1411,436.51,440.2,2.935901846,0.95666782,0.9637056
1411,436.41,440.1,2.839967853,0.925407591,0.954068544
1411,436.31,440,2.745118952,0.894500941,0.943195968
